"","Name","Year_drafted","GP","MIN","PTS","FG_made","FGA","FG_percent","TP_made","TPA","TP_percent","FT_made","FTA","FT_percent","OREB","DREB","REB","AST","STL","BLK","TOV","Yrs","Target"
"1","Reggie Johnson",1980,79,21.7,10.2,4.3,8.6,49.9,0,0,0,1.6,2.4,66.3,1.7,2.9,4.5,1,0.6,0.6,1.6,4,0
"2","Reece Gaines",2003,38,9.6,1.8,0.7,2.3,29.1,0.1,0.3,30,0.4,0.7,64,0.2,0.8,1,1.1,0.3,0.1,0.5,3,0
"3","Dane Suttle",1983,40,11.7,6.5,2.7,5.4,50.9,0,0.1,0,1,1.2,85.1,0.5,0.6,1.2,1.2,0.5,0,0.8,2,0
"4","Marshon Brooks",2011,56,29.4,12.6,4.9,11.4,42.8,0.8,2.7,31.3,2,2.6,76.4,1.3,2.3,3.6,2.3,0.9,0.3,2.1,3,0
"5","Eddie Robinson",1999,67,16.6,7,3.2,5.8,54.9,0,0.1,0,0.7,1,73.4,0.8,1.9,2.7,0.5,0.7,0.4,0.6,5,0
"6","Leon Powe",2006,63,11.4,4.2,1.3,2.8,44.6,0,0,0,1.7,2.3,73.6,1.5,1.9,3.4,0.2,0.2,0.3,0.8,5,0
"7","Casey Jacobsen",2002,72,15.9,5.1,1.7,4.5,37.3,0.7,2.3,31.5,1,1.5,68.6,0.4,0.8,1.2,1,0.5,0.1,0.8,4,0
"8","Michael Dickerson",1998,50,31.2,10.9,4.3,9.2,46.5,1.4,3.3,43.3,0.9,1.4,63.9,0.5,1.1,1.7,1.9,0.5,0.2,1.3,5,0
"9","Chris Smith",1992,80,15.8,4.3,1.6,3.6,43.3,0,0.2,14.3,1.2,1.5,79.2,0.4,0.8,1.2,2.5,0.6,0.2,0.8,3,0
"10","Milt Wagner",1987,40,9.5,3.8,1.6,3.7,42.2,0.1,0.3,20,0.7,0.7,89.7,0.1,0.6,0.7,1.5,0.1,0.1,0.6,2,0
"11","Rodney Monroe",1991,38,8.2,3.4,1.4,3.8,36.8,0.2,0.7,22.2,0.5,0.6,82.6,0.3,0.6,0.9,0.7,0.3,0.1,0.6,1,0
"12","Jim Thomas",1983,72,16.9,6.3,2.6,5.6,46.4,0,0.2,9.1,1.1,1.5,72.7,0.8,1.3,2.1,1.8,0.8,0.1,1,4,0
"13","Clinton Smith",1986,41,8.3,3.1,1.2,2.9,42.7,0,0,0,0.7,0.9,75,0.6,0.7,1.4,1.1,0.3,0,0.6,2,0
"14","Steve Burtt",1984,47,8.9,4.2,1.5,4,38.3,0,0,0,1.1,1.6,68.8,0.2,0.4,0.6,0.4,0.5,0.1,0.7,4,0
"15","A.J. English",1990,70,20.6,8.8,3.6,8.2,43.9,0,0.4,9.7,1.6,2.2,70.7,0.9,1.2,2.1,2.5,0.4,0.2,1.6,2,0
"16","Kirk Snyder",2004,68,13.3,5,1.8,4.8,37.2,0.4,1.3,35.3,0.9,1.4,66.7,0.7,1,1.8,0.5,0.4,0.3,0.8,4,0
"17","Jamie Watson",1994,60,11.2,3.3,1.3,2.5,50,0.1,0.3,26.3,0.6,0.9,67.9,0.3,1,1.2,1,0.6,0.2,0.8,4,0
"18","Sidney Lowe",1983,78,15.9,4.2,1.4,3.3,41.3,0,0.2,11.1,1.4,1.8,77.7,0.4,1.2,1.6,3.4,1.2,0.1,1.4,4,0
"19","Vonteego Cummings",1999,75,23.9,9.4,3.5,8.7,40.5,0.7,2,32.5,1.7,2.3,75.1,0.8,1.7,2.5,3.3,1.2,0.2,1.8,3,0
"20","James Singleton",2005,59,12.8,3.4,1.3,2.6,51,0.2,0.3,50,0.7,0.8,78,1.1,2.3,3.3,0.5,0.3,0.4,0.5,5,0
"21","Armon Johnson",2010,38,7.3,2.9,1.2,2.7,45.5,0.1,0.3,41.7,0.3,0.6,59.1,0.3,0.7,0.9,1.2,0.1,0,1,2,0
"22","Charles Bradley",1981,51,6.6,3,1.1,2.4,45.1,0,0,0,0.8,1.2,67.7,0.2,0.5,0.7,0.4,0.3,0.1,0.7,3,0
"23","Khalid El-Amin",2000,50,18.7,6.3,2.3,6.2,37,0.6,1.7,33.3,1.1,1.4,77.8,0.4,1.2,1.6,2.9,1,0,1.1,1,0
"24","Rodney Carney",2006,67,17.4,6.6,2.7,5.9,46.4,0.4,1.1,34.7,0.8,1.3,60.9,0.6,1.3,1.9,0.4,0.6,0.3,0.6,5,0
"25","Carey Scurry",1985,78,15,4.7,1.8,3.9,47.2,0,0.1,9.1,1,1.6,61.9,1.2,1.9,3.1,1.1,1,0.8,1.2,3,0
"26","Richie Frahm",2003,54,8.7,3.4,1.2,2.6,45.3,0.6,1.7,37,0.4,0.5,88.5,0.2,0.8,1,0.4,0.3,0.1,0.1,4,0
"27","Jimmy King",1995,62,14,4.5,1.8,4.1,43.1,0.1,0.5,14.7,0.9,1.2,70.1,0.7,1.1,1.8,1.4,0.3,0.2,1,2,0
"28","Gary Plummer",1984,66,10.6,3.8,1.4,3.5,39.7,0,0.1,25,1,1.4,70.7,0.8,1.2,2,0.4,0.2,0.2,0.8,2,0
"29","Quincy Lewis",1999,74,12.1,3.8,1.5,4,37.2,0.3,0.9,36.5,0.5,0.7,73.1,0.6,0.9,1.5,0.5,0.3,0.2,0.6,4,0
"30","Granville Waiters",1983,78,13.3,3.6,1.6,3.1,51.7,0,0,0,0.4,0.7,60.8,0.8,2.1,2.9,0.8,0.3,1.1,0.8,5,0
"31","Bryan Warrick",1982,43,16.9,4,1.5,4,38,0,0.1,0,1,1.3,73.7,0.3,1.3,1.6,2.9,0.5,0.2,1.6,4,0
"32","Chris Hunter",2009,60,13.1,4.5,1.8,3.6,50.2,0,0.1,0,0.9,1.2,75.4,0.9,1.9,2.8,0.6,0.2,0.6,0.5,1,0
"33","Will Solomon",2001,62,14.1,5.2,1.8,5.3,34.1,0.7,2.6,28.4,0.8,1.2,67.1,0.2,0.9,1.1,1.5,0.6,0.1,1,2,0
"34","Kenny Satterfield",2001,36,15.6,5.3,2,5.5,36.7,0.2,0.8,25.9,1,1.3,78.3,0.5,1,1.4,3,0.9,0,1.5,2,0
"35","Marlon Maxey",1992,43,12.1,5.4,2.2,3.9,55,0,0,0,1,1.6,64.3,1.5,2.3,3.8,0.3,0.3,0.4,0.9,2,0
"36","Mike Niles",1980,44,5.3,2.6,1.1,3.1,34.8,0,0.1,50,0.4,0.8,45.9,0.6,0.7,1.3,0.3,0.2,0,0.6,1,0
"37","Lloyd Daniels",1992,77,20.4,9.1,3.7,8.4,44.3,0.8,2.3,33.3,0.9,1.3,72.7,1.1,1.7,2.8,1.9,0.5,0.4,1.3,5,0
"38","Keith Smith",1986,42,11,3.3,1.4,3.6,38,0.1,0.2,33.3,0.5,0.7,75,0.3,0.5,0.8,1,0.6,0.1,0.7,1,0
"39","Anthony Cook",1990,58,19.3,5.3,2,4.9,41.7,0,0.1,0,1.2,2.2,55,2.3,3.3,5.6,0.4,0.6,1.2,0.9,4,0
"40","J.R. Bremer",2002,64,23.5,8.3,2.7,7.3,36.9,1.6,4.5,35.3,1.3,1.7,76.6,0.3,2,2.3,2.6,0.6,0.1,0.9,2,0
"41","Terence Morris",2001,68,16.3,3.8,1.6,4.3,38.4,0.2,1.1,19.2,0.3,0.4,64.3,1.1,2,3.1,0.9,0.3,0.4,0.7,3,0
"42","Tellis Frank",1987,78,20.5,8.1,3.1,7.2,42.8,0,0,0,1.9,2.7,72.5,1.2,3,4.2,1.4,0.7,0.3,1.4,5,0
"43","Charles Thomas",1991,36,4.3,1.3,0.5,1.4,35.3,0.1,0.5,11.8,0.3,0.4,66.7,0.2,0.4,0.6,0.6,0.1,0,0.5,1,0
"44","Paul McPherson",2000,55,10.8,4.8,2,3.9,50.5,0,0.2,16.7,0.8,1.1,72.4,0.7,0.7,1.4,0.7,0.5,0.1,0.8,1,0
"45","Kevin Burleson",2005,39,8.7,1.8,0.6,2.3,25,0.3,1.4,18.5,0.4,0.4,94.1,0.1,0.6,0.7,1.2,0.7,0.1,0.6,1,0
"46","Rudy Macklin",1981,79,19.2,7,2.7,6.1,43.4,0,0,0,1.7,2.2,77.5,1.4,1.9,3.3,0.6,0.5,0.3,1.4,3,0
"47","Dwayne Morton",1994,41,9.6,4.1,1.2,3.1,38.8,0.2,0.6,36,1.4,2.1,68.2,0.5,0.9,1.4,0.4,0.3,0.4,0.7,1,0
"48","Rick Carlisle",1984,38,4.7,1.8,0.7,1.8,38.8,0,0.1,0,0.4,0.4,88.2,0.2,0.3,0.6,0.7,0.1,0,0.5,5,0
"49","Andy Toolson",1990,47,10,2.9,1.1,2.6,40.3,0.3,0.7,37.5,0.5,0.7,75.8,0.7,0.7,1.4,0.7,0.3,0,0.5,2,0
"50","Jeremy Tyler",2011,42,13.5,4.9,2.1,5,42.1,0,0,0,0.7,1.2,55.8,1.3,2,3.3,0.4,0.4,0.5,0.9,3,0
"51","Lawrence Moten",1995,44,13,6.6,2.5,5.6,45.3,0.4,1.3,32.7,1.1,1.7,65.3,0.8,0.6,1.4,1.1,0.7,0.2,1,3,0
"52","Javaris Crittenton",2007,50,13.6,5.6,2,4.7,42.1,0.2,0.7,27,1.4,2.1,69.2,0.5,1.7,2.2,1,0.4,0,1.1,2,0
"53","Howard Wood",1981,42,8.1,3.4,1.3,2.9,45.8,0,0,0,0.8,1.2,65.4,0.5,1,1.5,0.2,0.2,0.1,0.4,1,0
"54","Kelvin Upshaw",1988,32,19.3,6.8,3.1,6.6,46.7,0.1,0.5,20,0.6,0.8,69.2,0.3,1.2,1.5,3.7,0.8,0.1,1.7,3,0
"55","Roy Rogers",1999,40,8.9,2.2,0.9,2.2,39.8,0,0,0,0.5,1,46.3,0.8,1.2,2,0.2,0.1,0.9,0.3,3,0
"56","Roshown McLeod",1998,34,10.2,4.8,1.8,4.8,38,0,0.3,10,1.1,1.3,82.2,0.4,1.1,1.5,0.4,0.1,0,0.7,3,0
"57","Lonny Baxter",2002,55,12.4,4.8,1.7,3.7,46.6,0,0,0,1.3,1.9,68,1.2,1.8,3,0.3,0.2,0.4,0.8,4,0
"58","Jerry Eaves",1982,82,19.4,9.3,3.4,7,48.7,0,0.1,12.5,2.4,3,81,0.4,1.1,1.5,2.6,0.6,0,1.9,4,0
"59","Corey Crowder",1991,51,6.4,2.2,0.8,2.2,38.4,0.3,0.6,43.3,0.3,0.4,83.3,0.3,0.5,0.8,0.3,0.1,0,0.3,2,0
"60","Everette Stephens",1988,35,6,1.9,0.7,2.1,31.9,0.1,0.3,20,0.5,0.6,77.3,0.3,0.3,0.7,1.1,0.3,0.1,0.8,2,0
"61","Sylvester Gray",1988,55,22.2,8,3,7.2,42,0,0.1,25,1.9,2.8,67.3,2.1,3.1,5.2,2.1,0.7,0.5,1.9,1,0
"62","Garry Witts",1981,46,10.7,2.9,1.1,1.8,58.3,0,0,50,0.7,0.9,82.5,0.6,0.7,1.3,0.8,0.4,0.1,0.8,1,0
"63","Mardy Collins",2006,52,14.9,4.5,1.7,4.4,38.2,0.3,0.9,27.7,0.9,1.6,58.5,0.5,1.5,2,1.6,0.6,0.1,1.1,4,0
"64","Jordan Crawford",2010,42,24.5,11.7,4.6,11.9,38.4,0.8,3,25.8,1.7,2,86.9,0.7,1.8,2.5,2.8,0.9,0.1,2,4,0
"65","Gerald Brown",1998,33,7.2,2.4,1,2.7,37.1,0.1,0.3,30,0.3,0.4,78.6,0.2,0.5,0.7,0.9,0.1,0,0.7,1,0
"66","Greg Sutton",1991,67,9,3.7,1.4,3.6,38.8,0.4,1.3,29.2,0.5,0.7,75.6,0.1,0.6,0.7,1.4,0.4,0.1,1,3,0
"67","Cory Blackwell",1984,60,9.2,3.4,1.5,4,36.7,0,0,0,0.5,0.9,50.9,0.7,0.9,1.6,0.4,0.4,0.1,0.7,1,0
"68","Larry Stewart",1991,76,29.3,10.4,4,7.8,51.4,0,0,0,2.5,3.1,80.7,2.4,3.5,5.9,1.6,0.7,0.6,1.5,5,0
"69","Linton Townes",1982,55,9.4,4.5,1.9,4.3,44.9,0.2,0.5,36,0.5,0.7,73.7,0.5,0.6,1.2,0.6,0.3,0.1,0.6,3,0
"70","Alec Kessler",1990,78,16.1,6.2,2.6,6,42.5,0,0.1,0,1.1,1.7,67.2,1.5,2.8,4.3,0.4,0.2,0.3,1.4,4,0
"71","Devin Durrant",1984,59,12.8,5.1,1.9,4.6,41.6,0,0.1,0,1.2,1.7,70.6,0.8,1.3,2.1,1.4,0.3,0.2,1.3,2,0
"72","Ryan Lorthridge",1994,37,18.2,7.4,2.9,6,47.5,0.1,0.4,21.4,1.5,2.4,64.8,0.6,1.3,1.9,2.7,0.8,0,1.5,1,0
"73","Brett Szabo",1996,70,9.5,2.2,0.8,1.7,44.6,0,0,0,0.6,0.9,73.8,0.8,1.6,2.4,0.2,0.2,0.5,0.6,1,0
"74","B.J. Tyler",1994,55,14.7,3.5,1.3,3.4,38.1,0.3,0.9,31.4,0.6,0.9,70,0.2,0.9,1.1,3.2,0.7,0,1.8,1,0
"75","Mike Harper",1980,55,8.4,2.7,1,2.5,41.2,0,0.1,0,0.7,1.5,43.5,0.5,1.2,1.7,0.3,0.4,0.4,0.6,2,0
"76","Willie White",1984,39,6,3.3,1.3,3.2,41.9,0.1,0.3,36.4,0.5,0.8,67.7,0.4,0.5,0.9,0.7,0.1,0.1,0.8,2,0
"77","Harold Miner",1992,73,18.9,10.3,4,8.4,47.5,0,0.1,33.3,2.2,2.9,76.2,1,1,2,1,0.5,0.1,1.3,4,0
"78","Travis Williams",1997,39,9.4,3.5,1.4,3.1,47.1,0,0,0,0.6,1.2,52.2,1.4,1,2.4,0.5,0.5,0.1,0.8,2,0
"79","Terrence Williams",2009,78,22.6,8.4,3.3,8.3,40.1,0.4,1.3,31,1.3,1.8,71.5,0.6,3.9,4.5,2.9,0.6,0.1,1.6,4,0
"80","Stephen Thompson",1991,19,4.8,1.6,0.7,1.9,37.8,0,0.1,0,0.2,0.4,37.5,0.6,0.4,1,0.4,0.3,0.2,0.3,1,0
"81","Victor Alexander",1991,80,16.9,7.4,3,5.7,52.9,0,0,0,1.3,1.9,69.1,1.3,2.9,4.2,0.4,0.6,0.8,1.1,5,0
"82","Darnell Jackson",2008,51,8.4,1.9,0.7,1.7,43,0,0,0,0.5,0.7,68.6,0.6,1.1,1.7,0.2,0.2,0.1,0.3,3,0
"83","Shelton Jones",1988,51,13.4,4.8,1.8,4.1,44.5,0,0,0,1.1,1.6,72.5,0.6,1.6,2.2,0.8,0.4,0.3,0.9,1,0
"84","Priest Lauderdale",1996,35,5.1,3.2,1.4,2.5,55.1,0,0,0,0.4,0.7,56.5,0.5,0.8,1.2,0.3,0,0.3,1.1,2,0
"85","Cory Carr",1998,42,14.9,4.1,1.7,5.1,32.9,0.1,0.7,16.7,0.6,0.8,75,0.2,1,1.2,1.6,0.5,0.2,1.1,1,0
"86","Jeff Taylor",1982,44,17.6,3.6,1.5,3.6,40,0,0,0,0.7,1,65.2,0.6,1.2,1.8,2.5,0.9,0.3,1.4,2,0
"87","Matt Freije",2004,23,19.2,4,1.6,5.5,29.1,0.6,2.3,25.9,0.2,0.3,62.5,0.7,2,2.7,0.9,0.6,0.1,0.7,2,0
"88","Bruce Flowers",1982,53,13.2,4.9,2.1,3.9,53.4,0,0,0,0.8,1,77.4,1.3,2.1,3.4,0.9,0.4,0.2,0.8,1,0
"89","Cedric Henderson",1997,82,30.8,10.1,4.2,8.8,48,0,0,0,1.7,2.3,71.6,0.9,3.1,4,2,1.2,0.6,2,5,0
"90","Adam Morrison",2006,78,29.8,11.8,4.6,12.1,37.6,1.1,3.3,33.7,1.5,2.2,71,0.7,2.3,2.9,2.1,0.4,0.1,1.7,3,0
"91","Jerome Allen",1995,41,8.8,2.6,0.9,2.6,34.3,0.2,0.8,30.3,0.6,0.9,72.2,0.1,0.5,0.6,1.2,0.5,0.1,0.8,2,0
"92","Travis Hansen",2003,41,12.4,3,1.1,3.2,35.4,0.2,0.7,30,0.5,0.7,81.5,0.7,1,1.7,0.5,0.2,0.2,0.4,1,0
"93","Rob Williams",1982,74,19.5,7,2.6,6.3,40.8,0,0.2,13.3,1.8,2.4,75.3,0.5,1.3,1.8,4.9,1.2,0.2,2.5,2,0
"94","Charles Smith",1997,34,8.6,3.5,1.4,3.7,39.2,0.4,1.4,31.9,0.2,0.3,54.5,0.4,0.4,0.8,0.6,0.3,0.2,0.8,5,0
"95","Billy Reid",1980,59,10.1,3.2,1.4,3.1,45.4,0,0.1,0,0.4,0.7,56.4,0.5,0.6,1,1.2,0.6,0.1,1.3,1,0
"96","Jim Brogan",1981,63,16.3,6.3,2.6,5.8,45.3,0.1,0.5,28.1,1,1.3,72.6,1,0.9,1.9,2.5,0.8,0.2,1.3,2,0
"97","Rod Foster",1983,80,17.8,8.3,3.3,7.3,44.8,0.3,1.1,26.2,1.5,1.9,78.7,0.5,1,1.5,2.2,0.7,0.1,1.4,3,0
"98","Eddie Griffin",2001,73,26,8.8,3.3,9.1,36.6,1.2,3.7,33,0.9,1.2,74.4,1.6,4.1,5.7,0.7,0.2,1.8,0.6,5,0
"99","Loren Meyer",1995,72,17.6,5,2,4.6,43.9,0,0.2,27.3,1,1.4,68.6,1.6,2.8,4.4,0.8,0.3,0.4,0.9,3,0
"100","Byron Houston",1992,79,16.1,5.3,1.8,4.1,44.6,0,0.1,28.6,1.6,2.5,66.5,1.5,2.5,4,0.9,0.6,0.5,1.1,4,0
"101","Mike Morrison",1989,36,4.3,2,0.6,1.9,33.8,0.1,0.2,28.6,0.7,0.8,80,0.2,0.4,0.6,0.3,0.1,0,0.6,1,0
"102","Andre Barrett",2004,38,12.7,3.1,1.2,3.3,36.3,0.4,1.4,26.9,0.4,0.5,73.7,0.3,0.8,1.1,1.8,0.5,0,0.7,4,0
"103","Lou Roe",1995,49,7.6,1.8,0.7,1.8,35.6,0,0.2,22.2,0.5,0.7,75,0.6,1,1.6,0.3,0.2,0.2,0.3,2,0
"104","Lynn Greer",2006,41,10.5,4.1,1.5,3.4,43.3,0.4,1.3,34.6,0.7,0.8,84.4,0,0.6,0.7,1.3,0.4,0,0.4,1,0
"105","Kenny Battle",1989,59,12.4,4.1,1.6,2.9,54.7,0,0.1,25,0.9,1.4,67.1,0.7,1.4,2.1,0.6,0.6,0.2,0.5,4,0
"106","Darren Daye",1983,75,15.7,6.1,2.4,5.4,44.1,0,0.1,0,1.3,1.8,71.4,1.2,1.3,2.5,2.3,0.5,0.2,1.3,5,0
"107","Jimmer Fredette",2011,61,18.6,7.6,2.8,7.3,38.6,1.3,3.5,36.1,0.7,0.8,83.3,0.3,0.9,1.2,1.8,0.5,0.1,1.1,5,0
"108","Charlie Sitton",1984,43,7.1,2.1,0.9,2.2,41.5,0,0,0,0.3,0.6,52,0.6,0.8,1.4,0.6,0.2,0.1,0.4,1,0
"109","Ray Owes",1996,57,10.4,3.1,1.3,3.2,41.7,0,0.1,20,0.5,0.8,56.5,1.1,1.7,2.9,0.3,0.3,0.3,0.4,1,0
"110","Bo Kimble",1990,62,16.2,6.9,2.6,6.7,38,0.3,1,29.2,1.5,1.9,77.3,0.7,1.2,1.9,1.2,0.5,0.1,1.2,3,0
"111","Quincy Douby",2006,42,8.5,2.8,1.1,3,38.1,0.3,1.2,24,0.3,0.4,73.3,0.3,0.6,0.9,0.4,0.4,0.1,0.4,3,0
"112","Bobby Cattage",1981,49,6.9,3.1,1.2,2.8,44.4,0,0,0,0.6,0.8,73.2,0.4,1,1.5,0.1,0.1,0,0.4,2,0
"113","Hassan Adams",2006,61,8.1,2.9,1.2,2.2,55.6,0,0,0,0.4,0.6,66.7,0.6,0.7,1.3,0.2,0.3,0.1,0.4,2,0
"114","Bill Martin",1985,66,10.5,5,2.2,4.5,48,0,0.1,0,0.7,0.8,85.2,0.6,0.9,1.5,0.8,0.3,0.1,0.9,3,0
"115","Sean Williams",2007,73,17.5,5.6,2.2,4.2,53.8,0,0,0,1.1,1.8,60.9,1.6,2.8,4.4,0.4,0.4,1.4,1,4,0
"116","Bill Garnett",1982,75,18.8,6.3,2.3,4.3,53.3,0,0,0,1.7,2.3,74.1,1.9,3.5,5.4,1.4,0.6,0.9,1.1,4,0
"117","Jon Brockman",2009,52,12.6,2.8,1.1,2,53.4,0,0,0,0.7,1.2,59.7,2,2.1,4.1,0.4,0.3,0.1,0.4,3,0
"118","Craig Shelton",1980,55,10.7,4.3,1.8,4,45.7,0,0,0,0.6,1.1,60.3,1.1,1.4,2.5,0.5,0.3,0.1,1.1,2,0
"119","Alex Bradley",1981,39,8.5,3.5,1.4,2.6,52.4,0,0,0,0.7,1.2,60.4,0.8,0.9,1.7,0.3,0.3,0.1,0.7,1,0
"120","Michael Smith",1989,65,9.5,5,2.1,4.4,47.6,0,0.4,7.1,0.8,1,82.8,0.6,0.9,1.5,1.2,0.1,0,0.8,3,0
"121","Mike Taylor",2008,51,15.1,5.7,2.2,5.2,41.2,0.3,0.8,32.5,1.1,1.6,69.1,0.4,1.3,1.7,2.1,0.7,0,1.4,1,0
"122","Russ Schoene",1982,77,15.9,6.2,2.7,5.6,47.6,0,0.1,25,0.8,1.1,73.5,1.2,2.1,3.3,0.8,0.3,0.3,1.1,4,0
"123","Sean Green",1991,35,7.3,4,1.8,4.5,39.2,0.1,0.3,20,0.4,0.8,53.6,0.6,0.6,1.2,0.6,0.4,0.2,0.8,3,0
"124","Clifford Rozier",1994,66,22.6,6.8,2.9,5.9,48.5,0,0.1,28.6,1,2.3,44.7,3,4.3,7.4,0.7,0.5,0.6,1.4,4,0
"125","Julian Wright",2007,57,11.2,3.9,1.6,3,53.3,0.2,0.4,41.7,0.6,0.9,63.5,0.6,1.5,2.1,0.7,0.5,0.2,0.6,4,0
"126","Tony Bennett",1992,75,11.4,3.7,1.5,3.5,42.3,0.3,1.1,32.5,0.4,0.5,73.2,0.2,0.7,0.8,1.8,0.4,0,0.7,3,0
"127","Richard Coffey",1990,52,6.2,1.3,0.5,1.4,37.3,0,0,0,0.2,0.4,54.5,0.8,0.7,1.5,0.1,0.1,0.1,0.1,1,0
"128","Marcus Liberty",1990,76,15.4,6.7,2.8,6.8,42.1,0.2,0.8,29.8,0.8,1.2,63,1.5,1.4,2.9,0.8,0.6,0.3,0.9,4,0
"129","Brook Steppe",1982,62,9.8,4,1.4,2.8,47.7,0,0.1,14.3,1.2,1.6,76,0.4,0.8,1.2,1.1,0.4,0.1,0.9,5,0
"130","Tim Breaux",1994,42,8.1,3,1.1,2.9,37.2,0.1,0.6,24,0.8,1.2,65.3,0.4,0.4,0.8,0.4,0.3,0.1,0.4,3,0
"131","Nate Johnston",1989,21,4.1,2.2,0.9,2.3,37.5,0,0.2,25,0.4,0.6,69.2,0.6,0.5,1.1,0,0.1,0.4,0.3,1,0
"132","Shawn Respert",1995,62,13.6,4.9,1.8,4.7,38.7,0.7,2,34.4,0.6,0.7,83.3,0.5,0.7,1.2,1.1,0.5,0.1,0.7,4,0
"133","Rickey Williams",1982,44,7.9,3.3,1.3,3.1,41.5,0,0.1,0,0.8,1.2,66,0.3,0.5,0.9,0.8,0.5,0.1,0.9,1,0
"134","Donta Smith",2004,38,11.4,3.3,1.2,3,38.9,0.2,0.6,27.3,0.9,1.3,68.8,0.5,0.9,1.4,1,0.6,0.1,0.7,2,0
"135","Dallas Comegys",1987,75,15,5.6,2.1,4.8,43,0,0,0,1.4,2,70.7,0.7,2.2,2.9,0.9,0.5,0.9,1.6,2,0
"136","Ashraf Amaya",1995,54,20.4,6.3,2.2,4.7,48,0,0,0,1.8,2.8,65.1,2.1,3.5,5.6,0.6,0.4,0.2,1.1,2,0
"137","Jackson Vroman",2004,46,15.3,4.6,1.8,4.3,41.2,0,0.1,0,1,1.6,64,1.4,2.4,3.8,0.9,0.5,0.4,1.4,2,0
"138","Toby Bailey",1998,27,9.2,2.9,1.3,3.2,39.5,0,0.2,20,0.3,0.5,69.2,0.9,1.1,2,0.5,0.3,0.1,0.4,2,0
"139","Steve Harris",1985,57,8.5,4.5,1.8,4.1,44.2,0,0.1,20,0.9,0.9,92.6,0.4,0.6,1,0.9,0.4,0.1,0.6,5,0
"140","Todd Lichti",1989,79,16.8,8,3.2,6.5,48.6,0,0.2,0,1.6,2.2,74.7,0.6,1.3,1.9,1.5,0.7,0.2,1.2,5,0
"141","Brian Oliver",1990,73,11,3.8,1.5,3.7,40.8,0.1,0.2,27.8,0.7,1,73.2,0.2,0.8,1.1,1.2,0.5,0.1,0.7,4,0
"142","Derrick Chievous",1988,81,19,9.3,3.4,7.8,43.7,0.1,0.3,20.8,2.4,3,78.3,1.4,1.8,3.2,1,0.6,0.1,1.7,3,0
"143","Ozell Jones",1984,67,13.3,3.7,1.6,2.7,58.9,0,0,0,0.5,1.2,39.8,1,2.6,3.6,0.8,0.5,0.8,0.9,2,0
"144","Chuck Aleksinas",1984,74,15.1,5.1,2.2,4.6,47.8,0,0,0,0.7,1,73.3,1.2,2.5,3.6,0.5,0.2,0.2,1,1,0
"145","Chris Porter",2000,51,22.5,8.6,3.4,8.7,38.9,0,0.1,0,1.8,2.8,66.7,1.7,2,3.7,1.2,0.9,0.1,1.2,1,0
"146","Kennard Winchester",1990,64,9.5,3.7,1.5,3.8,40,0.1,0.3,40,0.5,0.7,77.8,0.5,0.5,1,0.4,0.3,0.2,0.5,3,0
"147","Steve Stipanovich",1983,81,30,12,4.8,10.1,48,0,0.2,18.8,2.3,3,75.3,1.4,5.5,6.9,2.1,0.9,0.8,2,5,0
"148","Mike Penberthy",2000,53,16.1,5,1.7,4.2,41.4,1,2.6,39.6,0.5,0.6,90.3,0.2,1,1.2,1.3,0.4,0,0.6,2,0
"149","Josh Grant",1993,53,7.2,3,1.1,2.8,40.4,0.3,1.2,27.9,0.4,0.5,75.9,0.5,1.2,1.7,0.5,0.3,0.1,0.6,1,0
"150","Duane Cooper",1992,65,9.9,2.4,1,2.4,39.2,0.1,0.5,23.3,0.4,0.5,71.4,0.2,0.6,0.8,2.3,0.3,0,1.1,2,0
"151","John Shasky",1988,65,14.5,5.5,1.9,3.8,48.8,0,0,0,1.8,2.6,68.9,1.5,2.1,3.6,0.3,0.2,0.2,0.7,3,0
"152","Ivan Johnson",2011,56,16.7,6.4,2.5,4.9,51.3,0,0.1,33.3,1.3,1.8,72,1.2,2.9,4,0.6,0.8,0.3,1.2,2,0
"153","Patrick Ewing",1985,50,35.4,20,7.7,16.3,47.4,0,0.1,0,4.5,6.1,73.9,2.5,6.5,9,2,1.1,2.1,3.4,1,0
"154","Billy Thomas",2004,25,14.2,3.7,1.4,3.8,36.2,0.7,2.2,30.4,0.3,0.4,77.8,0.3,1.2,1.4,0.7,0.6,0,0.4,3,0
"155","Trevor Ruffin",1994,49,6.5,4.8,1.7,4,42.6,0.8,2,38.4,0.6,0.8,71.1,0.2,0.3,0.5,1,0.3,0,1,2,0
"156","Eddie Phillips",1982,48,8.7,3.2,1.2,2.9,40.6,0,0,0,0.8,1.2,67.8,0.6,1,1.6,0.6,0.3,0.2,1,1,0
"157","Ray Blume",1981,49,11.1,4.6,2.1,4.5,45.9,0.1,0.4,22.2,0.4,0.6,64.3,0.3,0.6,0.8,1.4,0.5,0,1.1,1,0
"158","Brooks Thompson",1994,38,6.5,3.1,1.2,3,39.5,0.5,1.5,31,0.2,0.3,66.7,0.2,0.4,0.6,1.1,0.3,0.1,0.7,4,0
"159","Tierre Brown",2001,40,10.1,3.1,1.2,2.9,42.6,0.1,0.3,33.3,0.5,0.7,75,0.3,0.8,1.1,1.8,0.5,0.1,1,4,0
"160","Chris Washburn",1986,35,11,3.8,1.6,4.1,39.3,0,0,0,0.5,1.5,35.3,1,1.9,2.9,0.5,0.2,0.2,1.1,2,0
"161","Donald Sloan",2011,33,20.3,5.5,2.4,6,39.9,0.1,0.8,8,0.7,0.9,76.7,0.5,1.5,2,3.2,0.4,0.1,1.5,5,0
"162","Rick Calloway",1990,64,10.6,3.2,1.2,3,39.1,0,0,0,0.9,1.2,69.6,0.4,0.8,1.2,1,0.3,0.1,0.8,1,0
"163","Michael Anderson",1988,36,20.3,5.7,2,4.9,41.7,0,0.2,14.3,1.6,2.3,69.5,1.2,1.3,2.5,4.3,1.2,0.1,2.3,1,0
"164","Walter Berry",1986,63,25.2,15.9,6.5,12.2,53.1,0,0,0,3,4.6,64.9,2.2,2.7,4.9,1.7,0.6,0.6,2.4,3,0
"165","Anthony Tucker",1994,62,15.8,3.9,1.5,3.4,45.7,0,0,0,0.8,1.3,61.4,0.7,2,2.7,1.1,0.7,0.2,0.9,1,0
"166","Ed Rains",1981,49,13,3.9,1.6,3.6,43.5,0,0,0,0.8,1.3,59.4,0.8,0.9,1.6,0.8,0.4,0,0.5,2,0
"167","Greg Minor",1994,63,15,6,2.5,4.8,51.5,0,0.2,16.7,1,1.2,83.3,0.8,1.4,2.2,1,0.5,0.3,0.7,5,0
"168","Travis Mays",1990,64,33.5,14.3,4.6,11.3,40.6,1.1,3.1,36.5,4,5.2,77,0.8,1.9,2.8,4,1.3,0.2,2.5,3,0
"169","Rodrick Rhodes",1997,58,18.4,5.8,1.9,5.3,36.7,0,0.1,25,1.9,3.1,61.7,0.5,0.7,1.2,1.9,1.1,0.2,1.7,3,0
"170","Harold Ellis",1993,49,18.8,8.7,3.2,6,54.5,0,0.1,0,2.2,3,71.1,1.9,1.2,3.1,0.6,1.5,0,0.9,3,0
"171","Ricky Wilson",1987,24,17.5,5.2,1.8,4.6,39.1,0.4,1.1,38.5,1.2,1.7,72.5,0.1,1,1.1,2.9,1,0.1,1,1,0
"172","Larry Micheaux",1983,39,8.5,3.1,1.3,2.3,54.4,0,0,0,0.5,1,53.8,1,1.9,2.9,0.5,0.5,0.3,0.5,2,0
"173","Darren Tillis",1982,52,10.1,3.2,1.5,3.5,42,0,0,0,0.3,0.5,57.1,0.8,1.7,2.5,0.3,0.1,0.6,0.4,2,0
"174","Dajuan Wagner",2002,47,29.5,13.4,4.7,12.9,36.9,1.2,3.7,31.6,2.7,3.4,80,0.4,1.3,1.7,2.8,0.8,0.1,1.8,4,0
"175","Jamie Feick",1996,41,15.2,3.7,1.4,3.8,35.7,0.1,0.3,35.7,0.8,1.6,50.7,2,3.2,5.2,0.6,0.4,0.3,0.8,5,0
"176","Charles Smith",1989,60,8.7,2.9,1,2.2,44.4,0,0.1,0,0.9,1.3,69.7,0.2,0.9,1.2,1.7,0.6,0.1,0.6,3,0
"177","Mustafa Shakur",2010,22,7.2,2.3,1,2.7,35.6,0,0.5,10,0.4,0.7,53.3,0.3,0.7,1,1.1,0.2,0.1,0.8,2,0
"178","Sam Young",2009,80,16.5,7.4,2.8,6.2,45.1,0.1,0.7,19.6,1.7,2.2,77.7,1,1.6,2.5,0.7,0.4,0.3,1.2,4,0
"179","Chris Corchiani",1991,51,14.5,5,1.5,3.8,39.9,0.2,0.7,27,1.8,2,87.5,0.4,1.2,1.5,2.8,0.9,0,1.4,3,0
"180","Darnell Mee",1993,38,7.5,1.9,0.7,2.3,31.8,0.1,0.6,20.8,0.3,0.7,44.4,0.4,0.5,0.9,0.4,0.4,0.3,0.5,2,0
"181","Eric Johnson",1989,48,5.7,1.1,0.4,1.8,23.8,0,0.1,16.7,0.3,0.4,76.5,0.2,0.4,0.6,1.3,0.3,0,0.5,1,0
"182","Mark Radford",1981,43,8.6,3.4,1.3,2.3,54,0,0.1,66.7,0.8,1.6,50.7,0.3,0.4,0.7,1.3,0.4,0.1,1,2,0
"183","Junior Harrington",2002,82,24.4,5.1,2.1,5.7,36.2,0.1,0.3,25,0.9,1.4,65.2,0.5,2.5,3,3.4,1,0.2,1.9,3,0
"184","Walter Bond",1992,74,21.3,8,3.1,7.6,40.2,0.1,0.6,16.7,1.7,2.3,77.2,0.7,1.9,2.6,1.6,1,0.2,1.5,3,0
"185","Demetris Nichols",2007,14,3.1,1.1,0.4,1.6,26.1,0.2,0.9,23.1,0,0,0,0,0.4,0.4,0.1,0,0.2,0.3,2,0
"186","Richard Dumas",1992,48,27.5,15.8,6.3,12,52.4,0,0.1,33.3,3.2,4.5,70.7,2.1,2.6,4.6,1.3,1.8,0.8,1.9,3,0
"187","Lorenzo Romar",1980,53,13.7,4.1,1.6,4,41.2,0,0.1,33.3,0.8,1.2,68.3,0.2,0.9,1.1,2.6,0.5,0.1,1,5,0
"188","Cedric Jackson",2009,12,6.3,1.7,0.5,1.7,30,0.1,0.5,16.7,0.6,1,58.3,0.2,0.5,0.7,1.2,0.3,0.2,0.9,1,0
"189","Doug Roth",1989,42,9.8,1.9,0.9,2,43,0,0,0,0.2,0.3,50,1,1.8,2.9,0.5,0.2,0.3,0.4,1,0
"190","Tony White",1987,49,11.9,5.3,2.3,5.1,44.6,0,0.1,0,0.8,1.1,72.2,0.2,0.4,0.6,1.2,0.4,0,1,1,0
"191","Lionel Chalmers",2004,36,12,3.1,1.2,3.5,33.6,0.3,1.4,24.5,0.4,0.7,62.5,0.1,0.8,0.9,1.4,0.4,0,0.7,1,0
"192","Bernard Thompson",1984,59,9.1,3.3,1.3,3.6,37.3,0,0.1,0,0.7,0.9,76.5,0.6,0.7,1.3,0.9,0.5,0.2,0.6,5,0
"193","Ekpe Udoh",2010,58,17.8,4.1,1.7,3.8,43.7,0,0,0,0.7,1.1,65.6,1.4,1.7,3.1,0.7,0.4,1.5,0.8,5,0
"194","Kevin Brooks",1991,37,7.3,2.8,1.2,2.6,44.3,0.1,0.3,18.2,0.5,0.6,81,0.4,0.7,1.1,0.3,0.2,0.1,0.5,3,0
"195","Marlon Garnett",1998,24,8.5,2.1,0.6,2.1,29.4,0.3,1,26.1,0.6,0.8,75,0.1,0.8,0.9,0.8,0.2,0,0.5,1,0
"196","Joe Crispin",2001,21,7.4,3.8,1.2,3.2,38.2,0.7,1.9,38.5,0.6,0.6,92.3,0.1,0.4,0.5,1.2,0.2,0,0.5,1,0
"197","Ralph Lewis",1987,50,6.2,1.7,0.5,1.7,31,0,0,0,0.6,1,60.4,0.3,0.7,1,0.3,0.3,0.1,0.4,3,0
"198","Lester Hudson",2009,25,5.2,2.3,0.8,2.1,39.6,0.2,0.6,31.3,0.4,0.5,84.6,0.3,0.4,0.7,0.5,0.3,0.1,0.6,4,0
"199","Fred Cofield",1985,45,10.4,3.7,1.7,4.1,40.8,0.1,0.3,20,0.3,0.4,60,0.1,0.9,1,1.8,0.4,0.1,1.1,2,0
"200","Andrae Patterson",1998,35,8.1,3.3,1.2,2.8,44.3,0,0.1,0,0.8,1,77.8,0.9,1,1.9,0.4,0.5,0.2,0.6,2,0
"201","Ben Uzoh",2010,42,10.4,3.8,1.5,3.4,42.4,0.1,0.2,37.5,0.8,1.3,58.9,0.7,0.7,1.5,1.6,0.3,0.2,0.6,2,0
"202","Randolph Keys",1988,42,7.9,4,1.8,4.1,43,0,0.2,10,0.5,0.7,69,0.5,0.8,1.3,0.5,0.3,0.1,0.5,5,0
"203","Rich King",1991,40,5.3,2.2,0.7,1.8,38,0,0,0,0.9,1.1,75.6,0.5,0.7,1.2,0.3,0.1,0.1,0.5,4,0
"204","Brian Davis",1993,68,5.5,1.9,0.6,1.9,31.7,0,0,33.3,0.7,1,73.5,0.3,0.5,0.8,0.3,0.2,0.1,0.3,1,0
"205","Henry Turner",1989,36,8.8,4.3,1.6,3.4,47.5,0,0.1,0,1.1,1.8,61.5,0.6,0.8,1.4,0.6,0.5,0.2,0.7,2,0
"206","Lawrence Roberts",2005,33,5.5,1.5,0.6,1.3,45.5,0,0.1,0,0.3,0.7,47.8,0.8,0.7,1.5,0.2,0.2,0.1,0.1,2,0
"207","Craig Neal",1988,53,9.4,2.2,0.8,2.3,36.6,0.2,0.6,29.4,0.3,0.4,60.9,0.1,0.4,0.5,2.2,0.5,0.1,1,2,0
"208","Allan Ray",2006,47,15.1,6.2,2.1,5.5,38.6,1,2.5,41.4,0.9,1.2,76.4,0.4,1.1,1.5,0.9,0.4,0.1,0.9,1,0
"209","Greg Graham",1993,70,12.7,4.8,1.7,4.4,40,0,0.4,8,1.3,1.6,83.6,0.3,0.9,1.2,0.9,0.9,0.1,0.9,5,0
"210","Sean Lampley",2002,35,13.9,4.8,1.6,3.7,43.4,0,0.1,0,1.6,2.3,69.5,0.7,1.6,2.4,0.9,0.2,0.1,0.7,2,0
"211","Rory White",1982,65,9.6,5,2,3.6,54.3,0,0,0,1.1,1.7,64.2,0.7,0.9,1.6,0.5,0.3,0,0.8,5,0
"212","Elmore Spencer",1992,44,6.4,2.4,1,1.9,53.7,0,0,0,0.4,0.7,50,0.4,1,1.4,0.2,0.2,0.4,0.6,5,0
"213","Jerald Honeycutt",1997,38,13.9,6.4,2.4,5.8,40.7,0.8,2,37.7,0.9,1.5,62.1,0.7,1.7,2.4,0.9,0.5,0.2,1.3,2,0
"214","Howard Carter",1983,55,12.5,6.2,2.6,5.7,45.9,0.1,0.3,26.3,0.9,1.1,77,0.7,0.9,1.6,1.3,0.3,0.1,0.8,2,0
"215","Donell Taylor",2005,51,9.1,2.7,1,2.7,39,0.1,0.3,23.5,0.6,0.8,69.8,0.3,0.7,1,0.9,0.6,0.1,0.7,2,0
"216","Jose Slaughter",1982,63,8.2,3.6,1.4,3.8,37.4,0.1,0.7,22,0.6,0.9,64.4,0.5,0.5,1.1,0.8,0.6,0.1,0.7,1,0
"217","Mike Batiste",2002,75,16.6,6.4,2.6,6.2,42.2,0.2,1.1,22.2,0.9,1.2,78.4,1.1,2.3,3.4,0.7,0.6,0.2,0.9,1,0
"218","Conner Henry",1986,54,6,2.3,0.9,2.5,33.8,0.2,0.8,31,0.3,0.5,63,0.1,0.5,0.6,0.6,0.2,0,0.5,2,0
"219","Chris Herren",1999,45,13.3,3.1,1,2.8,36.3,0.5,1.5,35.8,0.6,0.9,67.5,0.3,0.9,1.2,2.5,0.3,0,0.9,2,0
"220","William Avery",1999,59,8.2,2.6,0.9,3.1,30.9,0.3,1.1,28.6,0.4,0.6,66.7,0.1,0.5,0.7,1.5,0.2,0,0.7,3,0
"221","Alfredrick Hughes",1985,68,12.7,5.2,2.2,5.5,40.9,0,0.3,17.6,0.7,1.2,58.3,0.7,0.9,1.7,0.9,0.4,0.1,0.9,1,0
"222","Anthony Frederick",1988,46,6.8,3.3,1.4,2.7,50.4,0,0.1,40,0.5,0.7,70.6,0.6,0.6,1.1,0.4,0.3,0.1,0.7,3,0
"223","Rickey Brown",1980,45,12.9,4,1.8,3.6,51.2,0,0,0,0.4,0.5,76.2,1.2,2.5,3.7,0.5,0.2,0.3,0.7,5,0
"224","Mike Williams",1989,21,4.9,0.7,0.3,0.9,33.3,0,0,0,0.1,0.3,50,0.2,0.9,1.1,0.1,0.1,0.3,0.1,1,0
"225","Tom Garrick",1988,71,21.1,6.4,2.5,5.1,49,0,0.2,0,1.4,1.8,80.3,0.5,1.7,2.2,3.4,1.1,0.1,1.6,4,0
"226","John Douglas",1981,64,16.1,7,2.8,6.1,46.5,0.3,0.9,30.5,1,1.6,65.7,0.4,1,1.4,2.3,0.8,0.1,1.4,2,0
"227","Doug Smith",1991,76,22.5,8.8,3.8,9.2,41.5,0,0.1,0,1.2,1.6,73.6,1.7,3.4,5.1,1.7,0.8,0.5,1.3,5,0
"228","James Wilkes",1980,48,11.3,4.1,1.8,3.8,46.2,0,0,0,0.6,0.9,69,0.8,1.3,2,0.6,0.5,0.3,0.7,3,0
"229","Qyntel Woods",2002,53,6.3,2.4,1.1,2.2,50,0.1,0.2,33.3,0.1,0.4,35,0.3,0.7,1,0.2,0.3,0,0.4,4,0
"230","Darrin Hancock",1994,46,9.2,3.3,1.5,2.6,56.2,0,0.1,33.3,0.3,0.8,41,0.3,0.8,1.2,0.7,0.4,0.1,0.7,3,0
"231","Josh Harrellson",2011,37,14.6,4.4,1.7,4,42.3,0.5,1.6,33.9,0.4,0.7,61.5,1.3,2.6,3.9,0.3,0.6,0.5,0.5,3,0
"232","Paul Thompson",1983,82,21.1,9,3.8,8.1,46.7,0.1,0.5,23.1,1.4,1.8,77.2,1.5,2.3,3.8,1.5,0.8,0.5,0.9,3,0
"233","Corey Benjamin",1998,31,10.3,3.8,1.4,3.8,37.6,0.1,0.5,21.4,0.9,1.3,67.5,0.5,0.8,1.3,0.3,0.3,0.3,0.7,4,0
"234","Randy Woods",1992,41,4.2,1.7,0.6,1.6,34.8,0.1,0.3,21.4,0.5,0.6,73.1,0.1,0.2,0.3,1,0.3,0,0.4,4,0
"235","Bobby Jones",2006,44,7.6,2.5,1,2.1,46.2,0,0.2,11.1,0.5,0.9,56.1,0.5,0.8,1.3,0.4,0.3,0,0.4,2,0
"236","John Stroeder",1987,41,6.6,1.9,0.7,1.9,36.7,0,0,0,0.5,0.7,66.7,0.6,1.1,1.7,0.5,0.1,0.3,0.6,2,0
"237","Jamario Moon",2007,78,27.8,8.5,3.6,7.4,48.5,0.5,1.6,32.8,0.8,1.1,74.1,1.2,5,6.2,1.2,1,1.4,0.7,5,0
"238","Quincy Pondexter",2010,66,11.1,2.8,1.1,2.7,40.6,0.3,0.8,36,0.4,0.5,70.6,0.3,1,1.3,0.4,0.3,0.1,0.2,5,0
"239","Tate George",1990,56,10.6,3.4,1.4,3.4,41.5,0,0,0,0.6,0.7,80,0.3,0.5,0.8,1.9,0.5,0.1,0.8,4,0
"240","Mark Randall",1991,54,8.2,3.2,1.3,2.8,45.6,0.1,0.3,18.8,0.6,0.8,74.4,0.7,0.6,1.3,0.6,0.2,0.1,0.5,4,0
"241","Kevin Pritchard",1990,62,12.5,3.9,1.4,3.7,38.4,0.1,0.5,16.1,1,1.2,80.5,0.3,0.8,1,1.3,0.5,0.1,0.9,4,0
"242","Kevin Loder",1981,71,16,6.9,2.9,6.3,46.4,0,0.2,0,1.1,1.5,72,1,1.8,2.7,1.2,0.5,0.4,1,3,0
"243","Marcus Williams",2006,79,16.6,6.8,2.6,6.7,39.5,0.6,2.1,28.2,0.9,1.1,84.7,0.4,1.7,2.1,3.3,0.4,0,1.8,4,0
"244","Norris Cole",2011,65,19.4,6.8,2.7,6.9,39.3,0.3,1.2,27.6,1,1.3,77.6,0.3,1.1,1.4,2,0.7,0,1.6,5,0
"245","Bobby Brown",2008,68,13.7,5.3,2.1,5.3,39.2,0.7,1.9,34.6,0.5,0.6,79.1,0.2,0.6,0.8,1.7,0.3,0,0.9,3,0
"246","Grant Gondrezick",1986,64,13.1,5.5,2.1,4.7,45,0.1,0.3,23.5,1.2,1.7,70.1,0.7,1,1.7,1.3,0.4,0.1,0.9,2,0
"247","John Morton",1989,37,10.9,3.9,1.3,4.4,29.8,0.2,0.8,23.3,1.2,1.7,69.4,0.2,0.7,0.9,1.8,0.5,0.1,1.4,3,0
"248","Orien Greene",2005,80,15.4,3.2,1.3,3.2,39.5,0.1,0.5,22.5,0.6,0.9,66.2,0.5,1.4,1.8,1.6,1,0.1,1.4,4,0
"249","Andre Brown",2006,38,7.1,2.4,1.1,1.9,56.8,0,0,0,0.2,0.4,60,0.7,1.3,1.9,0.1,0.2,0.1,0.8,3,0
"250","Harold Pressley",1986,67,13.6,4.6,2,4.7,42.3,0.1,0.4,25,0.5,0.7,72.9,1,1.6,2.6,1.8,0.6,0.3,0.9,4,0
"251","Dirk Minniefield",1985,76,14.9,5.5,2.2,4.6,48.1,0.1,0.5,27,1,1.2,78.5,0.6,1.2,1.7,3.5,0.9,0,1.4,3,0
"252","Jordan Hamilton",2011,26,9.9,4.4,1.8,4.3,43.2,0.7,1.8,36.2,0.1,0.2,40,0.4,2,2.4,0.8,0.1,0.1,0.6,5,0
"253","Eric Mobley",1994,46,12.8,3.9,1.7,2.9,59.1,0,0,100,0.5,1,48.9,1.2,2.1,3.3,0.5,0.2,0.6,0.5,3,0
"254","Charles Jones",1984,78,20.1,8.4,3,5.8,52,0,0.1,0,2.3,3.6,64.8,1.8,3.3,5.1,1.6,0.6,0.8,1.8,4,0
"255","Lowes Moore",1980,71,19.8,7,3,6.7,44.4,0.1,0.4,14.8,1,1.3,75,0.6,1.8,2.4,3.2,0.9,0.2,1.5,3,0
"256","Bubba Wells",1997,39,10.1,3.3,1.2,3,41.4,0,0.2,16.7,0.8,1.1,72.1,0.6,1.2,1.7,0.9,0.4,0.1,0.8,1,0
"257","Doug Lee",1991,46,6.7,2.6,1.1,2.5,43.1,0.2,0.8,27,0.2,0.4,52.6,0.4,0.4,0.8,0.5,0.2,0,0.3,3,0
"258","Tamar Slay",2002,36,7.6,2.6,1.1,2.9,37.9,0.2,0.7,28,0.2,0.3,70,0.2,0.6,0.9,0.4,0.4,0.1,0.6,3,0
"259","David Noel",2006,68,11.6,2.7,1,2.6,36.7,0.3,0.8,32.1,0.5,0.6,86,0.6,1.2,1.8,1,0.4,0.1,0.6,1,0
"260","Tharon Mayes",1991,24,10.6,4.1,1.3,4.1,30.3,0.6,1.7,36.6,1,1.5,66.7,0.1,0.5,0.7,1.5,0.7,0.1,1.3,1,0
"261","Terrence Rencher",1995,36,11.3,2.9,0.9,2.8,33,0.3,0.8,31,0.9,1.3,67.4,0.3,1,1.2,1.5,0.4,0.1,1.2,1,0
"262","Dave Johnson",1992,42,8.5,3.7,1.4,3.5,38.3,0.1,0.3,21.4,1,1.4,67.8,0.4,0.7,1.1,0.3,0.2,0,0.7,2,0
"263","Steve Hamer",1996,35,7.7,2.2,0.9,1.6,52.6,0,0.1,0,0.5,0.8,55.2,0.5,1.2,1.7,0.2,0.1,0.1,0.4,1,0
"264","Gerald Glass",1990,51,11.9,6.9,2.9,6.7,43.8,0,0.3,11.8,1,1.5,68.4,1.1,0.9,2,0.8,0.6,0.2,0.8,4,0
"265","Derrick Brown",2009,57,9.4,3.3,1.2,2.6,46.3,0,0.1,28.6,0.8,1.3,66.7,0.5,0.8,1.4,0.3,0.4,0.2,0.3,3,0
"266","Al Thornton",2007,79,27.3,12.7,4.7,11,42.9,0.5,1.6,33.1,2.7,3.6,74.3,1.2,3.3,4.5,1.2,0.6,0.5,1.6,4,0
"267","Eric Riley",1993,47,4.7,1.9,0.7,1.5,48.6,0,0,0,0.4,0.8,54.1,0.5,0.7,1.3,0.2,0.1,0.2,0.3,5,0
"268","Sean Singletary",2008,37,8.2,2.4,0.8,2.3,36.5,0.3,0.7,40,0.5,0.6,85.7,0.3,0.7,0.9,0.8,0.3,0,0.6,1,0
"269","Mario West",2007,64,4.2,0.9,0.3,0.8,42.9,0,0.1,0,0.3,0.4,65.4,0.4,0.3,0.8,0.2,0.2,0.1,0.1,4,0
"270","Landry Fields",2010,82,31,9.7,3.6,7.3,49.7,1,2.7,39.3,1.4,1.8,76.9,1.3,5.1,6.4,1.9,1,0.2,1.3,5,0
"271","Larry Sanders",2010,60,14.5,4.3,1.9,4.5,43.3,0,0,0,0.5,0.8,56,1,2,3,0.3,0.4,1.2,0.6,5,0
"272","Gerald Fitch",2005,18,13.3,4.7,1.7,4.9,33.7,0.4,1.4,26.9,0.9,1.3,73.9,0.4,1.3,1.7,1.8,0.4,0.3,0.8,1,0
"273","Clinton Wheeler",1987,59,8.7,2.5,1.1,2.2,47,0,0,0,0.4,0.6,73.5,0.3,0.4,0.7,1.7,0.6,0,0.9,2,0
"274","Howard Wright",1990,15,10.9,3.6,1.3,3.1,40.4,0,0.1,0,1.1,1.6,66.7,0.8,2.2,3,0.2,0.3,0.3,0.7,2,0
"275","Ben Coleman",1986,68,15.1,6.6,2.7,4.6,58.1,0,0,0,1.3,1.8,72.7,1.5,2.8,4.2,0.5,0.5,0.5,1.4,5,0
"276","Nolan Smith",2011,44,12.3,3.8,1.5,4.1,37.2,0.3,1,28.9,0.5,0.6,71.4,0.4,0.9,1.3,1.4,0.4,0.1,0.9,2,0
"277","Cal Bowdler",1999,46,9.2,2.7,1.1,2.5,42.6,0,0,0,0.5,0.8,63.2,0.5,1.4,1.8,0.3,0.3,0.2,0.5,3,0
"278","Paul Graham",1991,78,22,10.1,3.9,8.7,44.7,0.7,1.8,39,1.6,2.2,74.1,0.9,2,3,2.2,1.2,0.3,1.2,3,0
"279","Tony Dumas",1994,58,10.6,4.6,1.7,4.3,38.4,0.4,1.3,30.1,0.9,1.3,64.9,0.6,0.5,1.1,1,0.2,0.1,0.9,4,0
"280","Brandon Armstrong",2001,35,5.6,1.8,0.8,2.4,31.8,0.1,0.5,29.4,0.1,0.3,50,0.3,0.2,0.5,0.2,0.2,0,0.2,3,0
"281","Jerrod Mustaf",1990,62,13.3,4.3,1.7,3.7,46.5,0,0,0,0.9,1.4,64.4,0.8,1.9,2.7,0.6,0.2,0.2,1,4,0
"282","Randy White",1989,55,12.9,4.3,1.7,4.6,36.9,0,0.3,7.1,0.9,1.6,56.2,1.4,1.7,3.1,0.4,0.4,0.1,0.8,5,0
"283","Litterial Green",1992,52,12,4.5,1.7,3.8,43.9,0,0.2,10,1.2,1.8,62.5,0.2,0.4,0.7,2.2,0.4,0.1,0.8,5,0
"284","Andrew Goudelock",2011,40,10.5,4.4,1.7,4.4,39.1,0.7,1.9,37.3,0.3,0.3,91.7,0.1,0.7,0.8,0.5,0.1,0,0.5,3,0
"285","Keith Lee",1985,58,20.6,7.4,3.1,6.6,46.6,0,0.2,22.2,1.3,1.7,78.1,2,4.1,6.1,1.2,0.5,0.6,1.3,3,0
"286","Calvin Garrett",1980,70,23.4,6.1,2.7,5.9,45.3,0,0,33.3,0.7,0.9,80.6,1.2,2.6,3.8,1.9,0.7,0.1,1.3,4,0
"287","Kenny Fields",1984,51,10.5,3.8,1.6,3.7,44,0,0,0,0.5,0.7,75,0.8,0.8,1.6,0.7,0.2,0.2,0.6,4,0
"288","John Duren",1980,40,11.5,1.8,0.8,2.5,32.7,0,0,0,0.1,0.2,55.6,0.2,0.7,0.9,1.4,0.5,0.1,0.9,3,0
"289","Kenny Williams",1990,75,7,2.9,1.2,2.4,52,0,0,0,0.5,0.7,68,0.7,1,1.7,0.4,0.1,0.4,0.6,4,0
"290","Chris Robinson",1996,41,16.6,4.6,1.7,4.4,37.9,0.8,2.2,38.2,0.4,0.6,61.5,0.6,1.2,1.7,1.6,0.7,0.2,0.8,2,0
"291","Ryan Humphrey",2002,48,9.3,1.9,0.7,2.5,29.2,0,0,0,0.5,0.8,59,0.7,1.4,2.1,0.2,0.2,0.4,0.5,3,0
"292","Rob Kurz",2008,40,11.1,3.9,1.3,3.3,38.9,0.4,1,39.5,1,1.3,80,0.8,1.2,2,0.5,0.3,0.5,0.4,1,0
"293","Othell Wilson",1984,74,17,4.4,1.8,3.9,46,0,0.2,18.8,0.7,1,71.1,0.5,1.3,1.8,2.9,1,0.2,1.3,2,0
"294","J.R. Henderson",1998,30,11,3.2,1.2,3.2,36.5,0.1,0.2,40,0.8,1.5,55.6,0.7,0.9,1.6,0.7,0.3,0.1,0.6,1,0
"295","Scott Haffner",1989,43,13,4.6,2,5,40.6,0.1,0.5,14.3,0.4,0.6,68,0.2,1,1.2,1.9,0.3,0.1,0.8,2,0
"296","Kyle Weaver",2008,56,20.8,5.3,2,4.4,45.9,0.6,1.7,34.4,0.7,1,70.7,0.6,1.8,2.3,1.8,0.8,0.5,1.2,3,0
"297","Malcolm Lee",2011,19,12.8,3.3,1.2,3.1,39,0.1,0.5,20,0.7,0.9,82.4,0.5,0.9,1.4,1.6,0.4,0.2,0.9,3,0
"298","Cory Higgins",2011,38,11.1,3.9,1.4,4.2,32.5,0.1,0.5,20,1.1,1.6,70,0.2,0.7,0.9,0.9,0.1,0.2,1,2,0
"299","Eric Maynor",2009,81,15.7,4.7,1.9,4.5,41.8,0.3,0.9,31,0.6,0.9,72.2,0.3,1.3,1.6,3.3,0.5,0.1,1.1,5,0
"300","David Rivers",1988,47,9.4,2.9,1,2.6,40.2,0,0.1,16.7,0.7,0.9,83.3,0.3,0.6,0.9,2.3,0.5,0.2,1.3,3,0
"301","George Lynch",1993,71,24.8,9.6,4.1,8.1,50.8,0,0.1,0,1.4,2.3,59.6,3.1,2.7,5.8,1.4,1.4,0.4,1.2,12,1
"302","Benoit Benjamin",1985,79,26.4,11.1,4.1,8.4,49,0,0,33.3,2.9,3.9,74.6,2,5.6,7.6,1,0.8,2.6,1.8,15,1
"303","Mark Blount",2000,64,17.2,3.9,1.6,3.1,50.5,0,0,0,0.7,1,69.7,1.5,2.1,3.6,0.5,0.6,1.2,1,9,1
"304","Shawn Kemp",1989,81,13.8,6.5,2.5,5.2,47.9,0,0.1,16.7,1.4,2,73.6,1.8,2.5,4.3,0.3,0.6,0.9,1.3,14,1
"305","Josh Childress",2004,80,29.7,10.1,3.8,8,47,0.2,0.7,23.2,2.4,2.9,82.3,2.4,3.6,6,1.9,0.9,0.4,1.3,8,1
"306","Thaddeus Young",2007,74,21,8.2,3.6,6.6,53.9,0.1,0.3,31.6,1,1.4,73.8,1.6,2.6,4.2,0.8,1,0.1,0.9,10,1
"307","Hot Rod Williams",1986,80,33.9,14.6,5.4,11.2,48.5,0,0,0,3.7,5,74.5,2.8,5.1,7.9,1.9,0.7,2.1,1.7,13,1
"308","Greg Grant",1989,67,10.1,3.1,1.2,3.2,38.4,0,0.2,18.8,0.6,0.9,66.1,0.2,0.6,0.9,2.5,0.5,0,1.1,6,1
"309","Mike Miller",2000,82,29.1,11.9,4.5,10.3,43.6,1.8,4.4,40.7,1.1,1.6,71.1,0.8,3.2,4,1.7,0.6,0.2,1.2,17,1
"310","John Bagley",1982,68,14.6,5.7,2.4,5.5,43.2,0,0.2,0,0.9,1.2,76.2,0.3,1.2,1.4,2.5,0.8,0.1,1.7,11,1
"311","Glen Davis",2007,69,13.6,4.5,1.6,3.2,48.4,0,0,0,1.4,2.2,66,1.4,1.6,3,0.4,0.5,0.3,0.9,8,1
"312","Eddie Johnson",1981,74,20.5,9.3,4,8.7,45.9,0,0.1,9.1,1.3,2,66.4,1.7,2.6,4.4,1.5,0.7,0.2,1.3,17,1
"313","Kenneth Faried",2011,46,22.5,10.2,3.9,6.7,58.6,0,0,0,2.4,3.6,66.5,3.1,4.6,7.7,0.8,0.7,1,1.2,6,1
"314","DeMarre Carroll",2009,71,11.2,2.9,1.2,3.1,39.6,0,0.1,0,0.5,0.7,62.3,0.7,1.4,2.1,0.5,0.4,0.1,0.3,8,1
"315","Malik Sealy",1992,58,11.6,5.7,2.3,5.5,42.6,0.1,0.5,22.6,0.9,1.3,68.9,1,0.9,1.9,0.8,0.6,0.1,1,8,1
"316","Felton Spencer",1990,81,25.9,7.1,2.4,4.7,51.2,0,0,0,2.2,3.1,72.2,3.4,4.6,7.9,0.3,0.6,1.5,0.9,12,1
"317","Buck Johnson",1986,60,8.7,3.8,1.6,3.4,46.8,0,0,0,0.7,1,69,0.6,0.8,1.5,0.7,0.3,0.3,0.6,7,1
"318","Derek Fisher",1996,80,11.5,3.9,1.3,3.3,39.7,0.3,0.9,30.1,1,1.5,65.8,0.3,0.9,1.2,1.5,0.5,0.1,0.9,18,1
"319","Eric Snow",1995,43,9,2.7,1,2.3,42,0,0.2,20,0.7,1.1,59.2,0.2,0.8,1,1.7,0.7,0,0.9,13,1
"320","Cherokee Parks",1995,64,13.6,3.9,1.6,3.9,40.9,0.1,0.4,26.9,0.6,1,66.1,1,2.3,3.4,0.5,0.4,0.5,0.5,9,1
"321","Jacque Vaughn",1997,45,9.3,3.1,1,2.7,36.1,0.1,0.2,37.5,1.1,1.5,70.6,0.1,0.8,0.8,1.9,0.2,0,1.2,12,1
"322","John Wallace",1996,68,11.6,4.8,1.8,3.5,51.7,0,0.1,50,1.2,1.6,71.8,0.8,1.5,2.3,0.5,0.3,0.4,1.1,7,1
"323","Darius Miles",2000,81,26.3,9.4,3.9,7.8,50.5,0,0.2,5.3,1.5,2.9,52.1,1.6,4.3,5.9,1.2,0.6,1.5,1.8,7,1
"324","Shelden Williams",2006,81,18.7,5.5,2,4.5,45.5,0,0,50,1.4,1.8,76.4,1.6,3.8,5.4,0.5,0.6,0.5,1.2,6,1
"325","Sherman Douglas",1989,81,30.5,14.3,5.7,11.6,49.4,0.1,0.4,16.1,2.8,4,68.7,0.9,1.7,2.5,7.6,1.8,0.1,3,12,1
"326","Anfernee Hardaway",1993,82,36.8,16,6.2,13.3,46.6,0.6,2.3,26.7,3,4,74.2,2.3,3,5.4,6.6,2.3,0.6,3.6,14,1
"327","Gene Banks",1981,80,21.3,9.6,3.9,8.2,47.7,0,0.1,0,1.8,2.7,68.4,2,3.2,5.1,1.8,0.7,0.2,1.3,6,1
"328","Brandon Rush",2008,75,24,8.1,3.2,7.7,42.3,1,2.8,37.3,0.6,0.9,69.7,0.5,2.7,3.1,0.9,0.5,0.5,1,9,1
"329","Sam Vincent",1985,57,7.6,3.2,1,2.8,36.4,0,0.1,25,1.1,1.2,92.9,0.2,0.6,0.8,1.2,0.3,0.1,0.9,7,1
"330","Kurt Thomas",1995,74,22.4,9,3.7,7.4,50.1,0,0,0,1.6,2.4,66.3,1.6,4.3,5.9,0.6,0.6,0.5,1.3,18,1
"331","Chris Morris",1988,76,27.6,14.1,5.4,11.9,45.7,0.8,2.3,36.6,2.4,3.3,71.7,2.5,2.8,5.2,1.6,1.3,0.8,2.5,11,1
"332","Vin Baker",1993,82,31.2,13.5,5.3,10.6,50.1,0,0.1,20,2.9,5,56.9,3.4,4.2,7.6,2,0.7,1.4,2,13,1
"333","Anthony Peeler",1992,77,21.5,10.4,3.9,8.2,46.8,0.6,1.5,39,2.1,2.7,78.6,0.8,1.5,2.3,2.2,0.8,0.2,1.6,13,1
"334","Earl Boykins",1998,22,10,3,1.4,3.6,38,0.1,0.8,16.7,0.1,0.1,66.7,0.3,0.5,0.8,1.5,0.3,0,0.9,13,1
"335","O.J. Mayo",2008,82,38,18.5,6.9,15.6,43.8,1.8,4.6,38.4,3,3.4,87.9,0.7,3.1,3.8,3.2,1.1,0.2,2.8,8,1
"336","Willie Green",2003,53,14.5,6.9,2.7,6.7,40.1,0.4,1.2,31.1,1.1,1.5,72.8,0.3,0.9,1.2,1,0.5,0.1,1.1,12,1
"337","Sean Rooks",1992,72,29,13.5,5.1,10.4,49.3,0,0,0,3.3,5.4,60.2,2.7,4.7,7.4,1.3,0.5,1.1,2.2,12,1
"338","Jodie Meeks",2009,60,12,4.7,1.7,4.5,38.8,0.7,2.2,31.8,0.5,0.7,79.5,0.1,1.5,1.6,0.7,0.3,0.1,0.4,8,1
"339","Al-Farouq Aminu",2010,81,17.9,5.6,2,5,39.4,0.6,1.8,31.5,1.1,1.5,77.3,0.9,2.4,3.3,0.7,0.7,0.3,1.3,7,1
"340","Bison Dele",1991,48,18.9,9.1,3.6,6.8,52.8,0,0,0,2,3,66.9,2.4,3.3,5.7,0.7,0.8,1.1,1.8,8,1
"341","John Salmons",2002,64,7.9,2.1,0.8,1.8,41.4,0.2,0.5,32.3,0.4,0.5,74.3,0.3,0.7,0.9,0.7,0.3,0.1,0.5,13,1
"342","Sean Higgins",1990,50,9.3,4.5,1.9,4.2,45.8,0.1,0.4,15.8,0.6,0.7,84.8,0.4,0.9,1.3,0.7,0.2,0,1,6,1
"343","Chris Dudley",1987,55,9.3,3.1,1.2,2.5,47.4,0,0,0,0.7,1.3,56.3,1.3,1.3,2.6,0.4,0.2,0.3,0.6,16,1
"344","Pete Chilcutt",1991,69,11.8,3.6,1.6,3.6,45.2,0,0,100,0.3,0.4,82.1,1.1,1.6,2.7,0.6,0.5,0.3,0.6,9,1
"345","Hersey Hawkins",1988,79,32.6,15.1,5.6,12.3,45.5,0.9,2.1,42.8,3.1,3.7,83.1,0.6,2.2,2.8,3,1.5,0.5,2,13,1
"346","Allan Houston",1993,79,19.2,8.5,3.4,8.5,40.5,0.4,1.5,29.9,1.1,1.4,82.4,0.2,1.3,1.5,1.3,0.4,0.2,1.3,12,1
"347","David Benoit",1991,77,15.1,5.6,2.3,4.9,46.7,0,0.2,21.4,1.1,1.3,81,1.4,2.5,3.8,0.4,0.3,0.6,0.9,7,1
"348","Tyreke Evans",2009,72,37.2,20.1,7.4,16.2,45.8,0.5,2,25.5,4.8,6.5,74.8,0.9,4.4,5.3,5.8,1.5,0.4,3,8,1
"349","Tom Gugliotta",1992,81,34.5,14.7,6,14,42.6,0.5,1.7,28.1,2.2,3.5,64.4,2.7,6.9,9.6,3.8,1.6,0.4,2.8,13,1
"350","Clifford Robinson",1989,82,19.1,9.1,3.6,9.2,39.7,0.1,0.5,27.3,1.7,3.1,55,1.3,2.4,3.8,0.9,0.7,0.7,1.6,18,1
"351","Michael Finley",1995,82,39.2,15,5.7,11.9,47.6,0.7,2.3,32.8,3,3.9,74.9,1.7,2.9,4.6,3.5,1,0.4,1.6,15,1
"352","Michael Cage",1984,75,21.5,7.1,2.9,5.3,54.3,0,0,0,1.3,1.8,73.7,1.7,3.5,5.2,0.7,0.6,0.4,1.1,15,1
"353","LaMarcus Aldridge",2006,63,22.1,9,3.8,7.6,50.3,0,0,0,1.3,1.8,72.2,2.3,2.7,5,0.4,0.3,1.2,0.7,11,1
"354","A.C. Green",1985,82,18.8,6.4,2.5,4.7,53.9,0,0.1,16.7,1.2,2,61.1,2,2.7,4.6,0.7,0.6,0.6,1.2,16,1
"355","Tyson Chandler",2001,71,19.6,6.1,2.1,4.3,49.7,0,0,0,1.9,3.1,60.4,1.6,3.2,4.8,0.8,0.4,1.3,1.4,16,1
"356","Nazr Mohammed",1998,26,4.7,1.6,0.6,1.6,35.7,0,0,0,0.5,0.8,57.1,0.7,0.7,1.4,0.1,0.2,0.1,0.5,18,1
"357","Kyle Macy",1980,82,17.9,8.1,3.3,6.5,51.1,0.1,0.6,23.5,1.3,1.5,89.9,0.5,1.1,1.6,2,0.9,0.1,1.2,7,1
"358","Steve Henson",1990,68,10.1,3.1,1.2,2.8,41.8,0.3,0.8,33.3,0.6,0.6,90.5,0.2,0.5,0.8,1.9,0.5,0,0.6,7,1
"359","Bob Thornton",1985,71,18.6,4.7,1.8,3.9,45.6,0,0,0,1.2,2.3,53.1,1.6,2.5,4.1,0.6,0.4,0.1,1.2,8,1
"360","Josh Smith",2004,74,27.7,9.7,3.7,8.1,45.5,0.1,0.3,17.4,2.2,3.2,68.8,2,4.2,6.2,1.7,0.8,1.9,1.8,12,1
"361","Dante Cunningham",2009,63,11.2,3.9,1.7,3.4,49.5,0,0,0,0.5,0.8,64.6,0.9,1.7,2.5,0.2,0.4,0.3,0.2,8,1
"362","Rodney McCray",1983,79,26.3,10.8,4.2,8.5,49.9,0,0.1,25,2.3,3.2,73.1,2.2,3.5,5.7,2.2,0.7,0.7,1.5,10,1
"363","Mark Bryant",1988,56,14.3,5,2.1,4.4,48.6,0,0,0,0.7,1.2,58,1.2,2,3.2,0.6,0.4,0.1,0.7,15,1
"364","Trevor Ariza",2004,80,17.3,5.9,2.2,4.9,44.2,0,0.2,23.1,1.5,2.2,69.5,1.1,1.9,3,1.1,0.9,0.2,0.9,13,1
"365","Keith Van Horn",1997,62,37.5,19.7,7.2,16.9,42.6,1.1,3.6,30.8,4.2,4.9,84.6,2.3,4.3,6.6,1.7,1,0.4,2.6,9,1
"366","Kelvin Cato",1997,74,13.6,3.8,1.3,3.1,42.8,0,0,0,1.2,1.7,68.8,1.2,2.2,3.4,0.3,0.4,1.3,0.6,10,1
"367","Scott Brooks",1988,82,16.7,5.2,1.9,4.5,42,0.7,1.9,35.9,0.7,0.8,88.4,0.2,0.9,1.1,3.7,0.8,0,0.8,10,1
"368","David Lee",2005,67,16.9,5.1,2,3.4,59.6,0,0,0,1.1,1.8,57.7,1.6,2.9,4.5,0.6,0.5,0.3,0.8,12,1
"369","Patrick Patterson",2010,52,16.7,6.3,2.9,5.1,55.8,0,0,0,0.6,0.8,71.4,1.7,2.2,3.8,0.8,0.3,0.7,0.6,7,1
"370","Robert Pack",1991,72,12.4,4.6,1.6,3.8,42.3,0,0.1,0,1.4,1.8,80.3,0.4,0.9,1.3,1.9,0.6,0.1,1.3,13,1
"371","Joakim Noah",2007,74,20.7,6.6,2.4,5,48.2,0,0,0,1.8,2.6,69.1,2.4,3.3,5.6,1.1,0.9,0.9,1.2,10,1
"372","John Paxson",1983,49,9.3,2.9,1.2,2.8,44.5,0.1,0.4,18.2,0.3,0.5,61.5,0.1,0.6,0.7,3,0.2,0,0.7,11,1
"373","Stromile Swift",2000,80,16.4,4.9,1.9,4.2,45.1,0,0.1,0,1.1,1.8,60.3,1.4,2.2,3.6,0.4,0.8,1,0.8,9,1
"374","Derrick McKey",1987,82,20.8,8.5,3.1,6.3,49.1,0.1,0.4,36.7,2.1,2.7,77.2,1.4,2.6,4,1.3,0.8,0.8,1.3,15,1
"375","Chris Webber",1993,76,32.1,17.5,7.5,13.6,55.2,0,0.2,0,2.5,4.7,53.2,4,5.1,9.1,3.6,1.2,2.2,2.7,15,1
"376","Dwight Howard",2004,82,32.6,12,4.3,8.3,52,0,0,0,3.4,5,67.1,3.5,6.5,10,0.9,0.9,1.7,2,13,1
"377","Terry Mills",1990,55,14.9,5.7,2.4,5.2,46.5,0,0.1,0,0.9,1.2,71.2,1.5,2.7,4.2,0.6,0.6,0.5,0.8,11,1
"378","Ryan Anderson",2008,66,19.9,7.4,2.4,6.2,39.3,1,2.9,36.5,1.5,1.8,84.5,1.6,3.1,4.7,0.8,0.7,0.3,0.9,9,1
"379","Chris Mills",1993,79,25.6,9.4,3.6,8.6,41.9,0.5,1.5,31.1,1.7,2.2,77.8,1.7,3.4,5.1,1.6,0.7,0.6,1.1,10,1
"380","Kenny Thomas",1999,72,25,8.3,2.9,7.4,39.9,0.4,1.7,26.2,1.9,2.9,66,2,4,6.1,1.6,0.8,0.3,1.6,11,1
"381","Ronnie Brewer",2006,56,12.1,4.6,1.8,3.4,52.8,0,0.2,0,1,1.5,67.5,0.7,0.7,1.3,0.4,0.7,0.1,0.4,8,1
"382","Derrick Favors",2010,78,19.7,6.8,2.8,5.3,51.7,0,0,0,1.3,2.2,59.5,2.2,3.1,5.3,0.5,0.4,0.9,1,7,1
"383","Marty Conlon",1991,45,8.5,2.7,1.1,2.2,47.5,0,0,0,0.5,0.7,75,0.7,0.8,1.5,0.3,0.2,0.2,0.6,9,1
"384","Sam Mitchell",1989,80,30.2,12.7,4.7,10.4,44.6,0,0.1,0,3.4,4.4,76.8,2.3,3.5,5.8,1.1,0.8,0.7,1.2,13,1
"385","Trevor Booker",2010,65,16.4,5.3,2.1,3.9,54.9,0,0,0,1,1.6,67.3,1.5,2.4,3.9,0.5,0.5,0.7,0.6,7,1
"386","Solomon Jones",2006,58,11.5,3.3,1.1,2.2,50.8,0,0,0,1,1.3,78.7,0.8,1.5,2.3,0.2,0.2,0.7,0.4,8,1
"387","Shawne Williams",2006,46,12.1,3.9,1.6,3.5,46.9,0.4,1.1,36.5,0.2,0.4,55,0.7,1.1,1.8,0.5,0.1,0.2,0.5,7,1
"388","Anthony Tolliver",2008,19,10.9,2.7,1,3.4,29.2,0.5,2.2,22,0.3,0.5,50,0.6,1.5,2.2,0.9,0.3,0.1,0.4,9,1
"389","Jason Williams",1998,50,36.1,12.8,4.6,12.3,37.4,2,6.5,31,1.6,2.1,75.2,0.3,2.8,3.1,6,1.9,0,2.9,12,1
"390","Jim Les",1988,82,9.5,1.7,0.5,1.6,30.1,0,0.2,7.1,0.7,0.9,78.1,0.3,0.8,1.1,2.6,0.3,0.1,1.1,7,1
"391","Richard Anderson",1982,78,16.3,5.2,2.2,5.5,40.4,0.1,0.2,36.8,0.6,0.9,69.6,1.4,2.1,3.5,1.5,0.7,0.3,1.2,6,1
"392","Speedy Claxton",2001,67,22.8,7.2,2.7,6.7,40,0.1,0.5,12.1,1.7,2,83.8,0.7,1.7,2.4,3,1.4,0.1,1.4,7,1
"393","Jamal Crawford",2000,61,17.2,4.6,1.8,5,35.2,0.7,1.9,35,0.4,0.6,79.4,0.1,1.3,1.5,2.3,0.7,0.2,1.4,17,1
"394","Steve Francis",1999,77,36.1,18,6.5,14.5,44.5,1.4,4,34.5,3.7,4.7,78.6,2,3.3,5.3,6.6,1.5,0.4,4,9,1
"395","Taj Gibson",2009,82,26.9,9,3.8,7.7,49.4,0,0,0,1.4,2.1,64.6,2.8,4.7,7.5,0.9,0.6,1.3,1.4,8,1
"396","Ike Diogu",2005,69,14.9,7,2.5,4.8,52.4,0,0,0,2,2.4,81,1.4,1.9,3.3,0.4,0.2,0.4,1.1,6,1
"397","Damon Stoudamire",1995,70,40.9,19,6.9,16.1,42.6,1.9,4.8,39.5,3.4,4.2,79.7,0.8,3.2,4,9.3,1.4,0.3,3.8,13,1
"398","Malik Rose",1996,54,9.7,3,1.1,2.4,47.7,0,0,0,0.7,1.1,61.3,1.3,1.7,3,0.6,0.5,0.3,0.8,13,1
"399","William Bedford",1986,50,19.6,6.7,2.8,7.2,39.7,0,0,0,1,1.7,58.1,1.6,3.3,4.9,1.1,0.4,0.7,1.7,6,1
"400","Vince Carter",1998,50,35.2,18.3,6.9,15.3,45,0.4,1.3,28.8,4.1,5.4,76.1,1.9,3.8,5.7,3,1.1,1.5,2.2,19,1
"401","Anthony Parker",1997,37,5.3,1.9,0.7,1.7,39.7,0.2,0.8,32.1,0.4,0.5,65,0.2,0.5,0.7,0.5,0.3,0.1,0.3,9,1
"402","Courtney Lee",2008,77,25.2,8.4,3.2,7,45,1.1,2.6,40.4,1,1.2,83,0.2,2.1,2.3,1.2,1,0.2,0.9,9,1
"403","Gilbert Arenas",2001,47,24.6,10.9,3.7,8.2,45.3,0.8,2.4,34.5,2.6,3.4,77.5,0.9,1.9,2.8,3.7,1.5,0.2,2.1,11,1
"404","Tony Allen",2004,77,16.4,6.4,2.4,5,47.5,0.2,0.4,38.7,1.5,2,73.7,1.1,1.8,2.9,0.8,1,0.3,1,13,1
"405","Glen Rice",1989,77,30,13.6,6.1,13.9,43.9,0.2,0.9,24.6,1.2,1.6,73.4,1.3,3.3,4.6,1.8,0.9,0.3,1.5,15,1
"406","Eddie House",2000,50,11,5,2.1,4.9,42.1,0.4,1.1,34.5,0.5,0.7,68.6,0.1,0.7,0.8,1,0.3,0,0.7,11,1
"407","Martell Webster",2005,61,17.5,6.6,2.3,5.7,39.9,1.1,3,35.7,1,1.2,85.9,0.5,1.7,2.1,0.6,0.3,0.2,0.7,10,1
"408","Josh Powell",2005,37,11.6,3,1,2.2,45.7,0,0,0,1,1.2,80,0.8,1.4,2.2,0.2,0.2,0.1,0.6,7,1
"409","Corey Brewer",2007,79,22.8,5.8,2.3,6.2,37.4,0.1,0.5,19.4,1.1,1.4,80,1,2.7,3.7,1.4,1,0.3,1.1,10,1
"410","Al Jefferson",2004,71,14.8,6.7,2.7,5.2,52.8,0,0,0,1.2,1.9,63,1.7,2.7,4.4,0.3,0.3,0.8,0.9,13,1
"411","Hilton Armstrong",2006,56,11.3,3.1,1.2,2.2,54.4,0,0,0,0.7,1.2,59.7,1,1.6,2.7,0.2,0.2,0.5,0.6,6,1
"412","Danny Fortson",1997,80,22.6,10.2,3.5,7.6,45.2,0,0,33.3,3.3,4.2,77.6,2.3,3.3,5.6,1,0.6,0.4,2,10,1
"413","Hubert Davis",1992,50,16.3,5.4,2.2,5,43.8,0.1,0.4,31.6,0.9,1.1,79.6,0.3,0.9,1.1,1.7,0.4,0.1,0.9,12,1
"414","Ken Norman",1987,66,21.7,8.6,3.7,7.6,48.2,0,0.2,0,1.3,2.6,51.2,1.5,2.5,4,1.2,0.7,0.5,1.6,10,1
"415","Derrick Rose",2008,81,37,16.8,7.1,14.9,47.5,0.2,0.9,22.2,2.4,3.1,78.8,1.2,2.7,3.9,6.3,0.8,0.2,2.5,8,1
"416","Antawn Jamison",1998,47,22.5,9.6,3.8,8.4,45.2,0.1,0.2,30,1.9,3.3,58.8,2.8,3.6,6.4,0.7,0.8,0.3,1.4,16,1
"417","Dominic McGuire",2007,70,9.9,1.3,0.6,1.5,37.9,0,0.1,16.7,0.2,0.5,43.8,0.8,1.2,2,0.6,0.3,0.4,0.6,6,1
"418","Rodney Stuckey",2007,57,19,7.6,2.7,6.7,40.1,0.1,0.3,18.8,2.2,2.7,81.4,0.6,1.7,2.3,2.8,0.9,0.1,1.4,10,1
"419","Jon Leuer",2011,46,12.1,4.7,2.1,4.2,50.8,0.1,0.2,33.3,0.5,0.6,75,1,1.6,2.6,0.5,0.3,0.4,0.4,6,1
"420","Antonio Davis",1993,81,21.4,7.7,2.7,5.2,50.8,0,0,0,2.4,3.7,64.2,2.3,3.9,6.2,0.7,0.6,1,1.3,13,1
"421","Byron Scott",1983,74,22.1,10.6,4.5,9.3,48.4,0.1,0.5,23.5,1.5,1.9,80.6,0.7,1.5,2.2,2.4,1.1,0.3,1.6,14,1
"422","Andre Miller",1999,82,25.5,11.1,4.1,9.2,44.9,0.1,0.6,20.4,2.8,3.6,77.4,1,2.4,3.4,5.8,1,0.2,2,17,1
"423","Toney Douglas",2009,56,19.4,8.6,3.2,7,45.8,1.2,3.1,38.9,1,1.2,80.9,0.7,1.2,1.9,2,0.8,0.1,1,8,1
"424","Trenton Hassell",2001,78,28.7,8.7,3.4,8.1,42.5,0.8,2.1,36.4,1.1,1.5,76.3,0.8,2.4,3.3,2.2,0.7,0.6,1.3,9,1
"425","Bob Sura",1995,79,14.6,5.3,1.9,4.6,41.1,0.3,1,34.6,1.3,1.8,70.2,0.4,1.3,1.7,2.9,0.7,0.3,1.5,10,1
"426","Brent Barry",1995,79,24,10.1,3.6,7.6,47.4,1.6,3.7,41.6,1.4,1.7,81,0.5,1.6,2.1,2.9,1.2,0.3,1.5,14,1
"427","T.J. Ford",2003,55,26.8,7.1,2.8,7.2,38.4,0.1,0.4,23.8,1.5,1.8,81.6,0.7,2.5,3.2,6.5,1.1,0.1,2.5,8,1
"428","Chris Douglas-Roberts",2008,44,13.3,4.9,1.8,4,46,0.1,0.3,25,1.2,1.4,82.3,0.3,0.8,1.1,1.2,0.3,0.2,0.7,6,1
"429","Marcus Fizer",2000,72,21.9,9.5,3.9,9,43,0.1,0.5,25.6,1.6,2.2,72.7,1.1,3.3,4.3,1.1,0.4,0.3,1.7,6,1
"430","Dana Barros",1989,81,20.1,9.7,3.7,9.1,40.5,1.2,2.9,39.9,1.1,1.4,80.9,0.4,1.2,1.6,2.5,0.7,0,1.5,14,1
"431","Elliot Perry",1991,50,8.7,2.5,1,2.6,38,0,0.1,14.3,0.5,0.8,65.9,0.3,0.5,0.8,1.6,0.7,0.1,1,10,1
"432","Grant Long",1988,82,29.7,11.9,4.1,8.4,48.6,0,0.1,0,3.7,5,74.9,2.9,3.7,6.7,1.8,1.5,0.6,2.5,15,1
"433","Robin Lopez",2008,60,10.2,3.1,1.2,2.3,51.8,0,0,0,0.8,1.1,69.1,0.9,1.1,2,0.1,0.2,0.7,0.5,9,1
"434","Jordan Hill",2009,47,13.3,5.2,2.1,4.3,49.3,0,0,0,1,1.4,67.6,1.6,2.1,3.7,0.4,0.3,0.5,0.6,8,1
"435","Kevin Durant",2007,80,34.6,20.3,7.3,17.1,43,0.7,2.6,28.8,4.9,5.6,87.3,0.9,3.5,4.3,2.4,1,0.9,2.9,10,1
"436","Greg Buckner",1999,48,19.2,5.7,2.3,4.9,47.6,0.2,0.5,38.5,0.9,1.3,68.3,1.2,2.5,3.6,1.1,0.8,0.4,0.8,10,1
"437","Ron Anderson",1984,36,14.4,5.8,2.3,5.4,43.1,0,0.1,50,1.1,1.4,82,1.1,1.4,2.4,0.9,0.3,0.2,0.9,10,1
"438","Gordon Hayward",2010,72,16.9,5.4,2,4.1,48.5,0.5,1,47.3,1,1.3,71.1,0.6,1.4,1.9,1.1,0.4,0.3,1,7,1
"439","Kris Humphries",2004,67,13,4.1,1.7,4.3,40.4,0,0.1,33.3,0.7,1.5,43.6,1.1,1.9,2.9,0.6,0.4,0.3,0.8,13,1
"440","Isaiah Rider",1993,79,30.6,16.6,6.6,14.1,46.8,0.7,1.9,36,2.7,3.4,81.1,1.5,2.5,4,2.6,0.7,0.3,2.8,9,1
"441","James Robinson",1993,58,11.6,4.8,1.8,4.9,36.5,0.4,1.3,31.5,0.8,1.2,67.2,0.6,0.8,1.3,1.2,0.5,0.3,0.9,7,1
"442","Larry Drew",1980,76,20.8,6.6,2.6,6.4,40.7,0.1,0.2,23.5,1.4,1.8,79.7,0.3,1.3,1.6,3.3,1.2,0.1,2.2,10,1
"443","Michael Ruffin",1999,71,13.7,2.2,0.8,1.9,42,0,0,0,0.6,1.2,48.9,1.6,1.9,3.5,0.6,0.4,0.4,0.8,9,1
"444","Doc Rivers",1983,81,23.9,9.3,3.1,6.7,46.2,0,0.1,16.7,3.1,4,78.5,0.9,1.8,2.7,3.9,1.6,0.4,2.1,13,1
"445","Charles Shackleford",1988,60,8.1,3.1,1.4,2.8,49.4,0,0,0,0.4,0.7,50,0.8,1.7,2.6,0.4,0.3,0.3,0.5,6,1
"446","Kevin Johnson",1987,80,24,9.2,3.4,7.5,46.1,0.1,0.3,20.8,2.2,2.6,83.9,0.5,1.9,2.4,5.5,1.3,0.3,1.8,12,1
"447","Buck Williams",1981,82,34.5,15.5,6.3,10.7,58.2,0,0,0,3,4.7,62.4,4.2,8,12.3,1.3,1,1,2.9,17,1
"448","Jerryd Bayless",2008,53,12.4,4.3,1.3,3.6,36.5,0.1,0.5,25.9,1.6,1.9,80.6,0.2,0.9,1.1,1.5,0.3,0,1.1,9,1
"449","Thurl Bailey",1983,81,24.8,8.5,3.7,7.3,51.2,0,0,0,1.1,1.4,75.2,1.4,4.3,5.7,1.6,0.5,1.5,1.3,12,1
"450","Tayshaun Prince",2002,42,10.4,3.3,1.3,2.8,44.9,0.5,1.1,42.6,0.3,0.4,64.7,0.1,1,1.1,0.6,0.2,0.3,0.5,14,1
"451","Mitchell Wiggins",1983,82,25.9,12.4,4.9,10.9,44.8,0.1,0.4,24.1,2.6,3.5,74.2,1.7,2.3,4,2.3,1.3,0.1,1.7,6,1
"452","Craig Smith",2006,82,18.7,7.4,3,5.6,53.1,0,0.1,0,1.4,2.3,62.4,1.8,3.3,5.1,0.6,0.6,0.2,0.9,6,1
"453","Renaldo Balkman",2006,68,15.6,4.9,2,4,50.5,0.1,0.4,18.5,0.8,1.3,56.7,1.4,2.9,4.3,0.6,0.8,0.7,0.7,6,1
"454","Amar'e Stoudemire",2002,82,31.3,13.5,4.8,10.1,47.2,0,0.1,20,3.9,5.9,66.1,3,5.7,8.8,1,0.8,1.1,2.3,14,1
"455","Aaron Gray",2007,61,10,4.3,1.7,3.3,50.5,0,0,0,0.9,1.6,56.6,1.1,1.6,2.8,0.7,0.3,0.3,0.9,7,1
"456","Adrian Caldwell",1989,51,6.5,1.9,0.8,1.5,55.3,0,0,0,0.3,0.5,46.4,0.7,1.4,2.1,0.1,0.2,0.3,0.6,6,1
"457","Luke Walton",2003,72,10.1,2.4,0.9,2.1,42.5,0.2,0.5,33.3,0.4,0.6,70.5,0.5,1.2,1.8,1.6,0.4,0.1,0.6,10,1
"458","Mike Wilks",2002,46,15,3.2,1.1,3.2,33.8,0.2,0.8,28.6,0.8,1,78.7,0.4,1.1,1.5,2,0.6,0.1,0.6,7,1
"459","Austin Daye",2009,69,13.3,5.1,2,4.3,46.4,0.4,1.4,30.5,0.7,0.8,82.1,0.5,2,2.5,0.5,0.4,0.4,0.7,6,1
"460","Kevin Martin",2004,45,10.1,2.9,1,2.6,38.5,0.1,0.6,20,0.8,1.2,65.5,0.6,0.6,1.3,0.5,0.4,0.1,0.5,12,1
"461","Pooh Richardson",1989,82,31.5,11.4,5.2,11.3,46.1,0.3,1,27.7,0.8,1.3,58.9,0.7,2,2.6,6.8,1.6,0.3,1.7,10,1
"462","Rod Strickland",1988,81,16.8,8.9,3.3,7,46.7,0.2,0.7,32.2,2.1,2.9,74.5,0.6,1.3,2,3.9,1.2,0,1.8,17,1
"463","Chris Duhon",2004,82,26.5,5.9,2.1,6,35.2,1.1,3.2,35.5,0.6,0.8,73.1,0.3,2.3,2.6,4.9,1,0,1.4,9,1
"464","D.J. Augustin",2008,72,26.5,11.8,3.7,8.6,43,1.5,3.4,43.9,2.9,3.2,89.3,0.2,1.6,1.8,3.5,0.6,0,1.6,9,1
"465","Cuttino Mobley",1998,49,29.7,9.9,3.5,8.3,42.5,1.1,3,35.8,1.8,2.2,81.8,0.4,1.8,2.3,2.5,0.9,0.5,1.6,11,1
"466","Duane Causwell",1990,76,22.6,6.9,2.8,5.4,50.8,0,0,0,1.4,2.2,63.6,1.9,3.3,5.1,0.9,0.6,1.9,1.3,11,1
"467","Nate Robinson",2005,72,21.4,9.3,3.2,7.8,40.7,0.8,2,39.7,2.1,2.8,75.2,0.8,1.5,2.3,2,0.8,0,1.6,11,1
"468","Butch Carter",1980,54,12.4,5.6,2.1,4.6,46.2,0.1,0.2,30,1.3,1.8,73.7,0.6,0.6,1.2,1,0.4,0,0.9,6,1
"469","Craig Hodges",1982,76,26.6,9.9,4.2,9.3,45.2,0.3,1.2,22.2,1.2,1.7,72.3,0.7,0.9,1.6,3.6,1.1,0.1,2.1,10,1
"470","Greg Kite",1983,35,5.6,1.9,0.9,1.9,45.5,0,0,0,0.1,0.5,31.3,0.8,1,1.8,0.2,0,0.1,0.6,12,1
"471","Kareem Rush",2002,76,11.5,3,1.3,3.2,39.3,0.3,0.9,27.9,0.2,0.3,69.6,0.3,0.9,1.2,0.9,0.1,0.1,0.8,7,1
"472","Gerald Wallace",2001,54,8,3.2,1.4,3.2,42.9,0,0.1,0,0.4,0.9,50,0.9,0.7,1.6,0.5,0.3,0.1,0.4,14,1
"473","Jerry Stackhouse",1995,72,37.5,19.2,6.3,15.2,41.4,1.3,4.1,31.8,5.4,7.2,74.7,1.3,2.4,3.7,3.9,1.1,1.1,3.5,18,1
"474","Eddy Curry",2001,72,16,6.7,2.6,5.2,50.1,0,0,0,1.5,2.2,65.6,1.5,2.2,3.8,0.3,0.2,0.7,1,11,1
"475","Devin Harris",2004,76,15.4,5.7,2.1,4.8,42.9,0.6,1.7,33.6,1,1.4,75.7,0.4,1,1.3,2.2,1,0.3,1.1,13,1
"476","JaVale McGee",2008,75,15.2,6.5,2.5,5.2,49.4,0,0,0,1.4,2.2,66,1.6,2.3,3.9,0.3,0.4,1,0.8,9,1
"477","Jeff Green",2007,80,28.2,10.5,4,9.4,42.7,0.3,1,27.6,2.2,3,74.4,1.3,3.5,4.7,1.5,0.6,0.6,2,9,1
"478","Ruben Patterson",1998,24,6,2.7,0.9,2.1,41.2,0,0.3,16.7,0.9,1.3,71,0.7,0.5,1.3,0.1,0.2,0.1,0.5,10,1
"479","Walter McCarty",1996,35,5.5,1.8,0.7,1.9,38.2,0.1,0.4,28.6,0.2,0.4,57.1,0.2,0.4,0.7,0.4,0.2,0.3,0.5,10,1
"480","Kenyon Martin",2000,68,33.4,12,5.1,11.4,44.5,0,0.2,9.1,1.8,2.8,63,2,5.4,7.4,1.9,1.1,1.7,2,15,1
"481","Albert King",1981,76,22.3,12.1,5.1,10.7,48.2,0,0.2,23.1,1.8,2.3,77.8,1.4,2.7,4.1,1.9,0.8,0.5,2.4,9,1
"482","LaPhonso Ellis",1992,82,33.5,14.7,5.9,11.7,50.4,0,0.2,15.4,2.9,3.9,74.8,3.3,5.7,9.1,1.8,0.9,1.4,1.9,11,1
"483","Tim Kempton",1986,66,14.2,4.4,1.5,3.1,47.1,0,0,0,1.4,2.1,69.3,1.1,1.9,2.9,0.8,0.6,0.2,0.7,8,1
"484","Kyle Korver",2003,74,11.9,4.5,1.6,4.4,35.2,1.1,2.8,39.1,0.3,0.3,79.2,0.4,1.1,1.5,0.5,0.3,0.1,0.6,14,1
"485","Jud Buechler",1990,74,11.6,3.1,1.3,3.1,41.6,0,0.1,25,0.6,0.9,65.2,0.8,1.1,1.9,0.7,0.5,0.2,0.3,12,1
"486","Scott Hastings",1982,31,4.5,1.2,0.4,1.2,34.2,0,0.1,0,0.4,0.6,55,0.5,0.8,1.3,0.1,0.2,0,0.3,11,1
"487","Rasual Butler",2002,72,21,7.5,2.9,7.9,36.2,0.7,2.4,29.2,1.1,1.4,73.1,0.4,2.2,2.6,1.3,0.3,0.6,1.1,13,1
"488","Larry Robinson",1990,36,11.8,3.9,1.7,4.2,41.3,0,0,0,0.4,0.8,55.6,0.8,0.6,1.4,1,0.4,0,0.8,7,1
"489","Brian Cook",2003,35,12.6,4.4,1.9,4,47.5,0,0.1,0,0.6,0.8,75,0.9,2,2.9,0.6,0.5,0.5,0.5,9,1
"490","Blake Griffin",2010,82,38,22.5,8.5,16.8,50.6,0.1,0.3,29.2,5.4,8.5,64.2,3.3,8.8,12.1,3.8,0.8,0.6,2.7,7,1
"491","Mookie Blaylock",1989,50,25.3,10.1,4.2,11.4,37.1,0.4,1.6,22.5,1.3,1.6,77.8,0.8,2,2.8,4.2,1.6,0.3,2.2,13,1
"492","Darrell Walker",1983,82,16.1,7.9,2.6,6.3,41.7,0,0.2,26.7,2.5,3.2,79.1,0.9,1.1,2,3.5,1.6,0.2,2.4,10,1
"493","Jim McIlvaine",1994,55,9.7,1.7,0.6,1.3,47.9,0,0,0,0.5,0.7,68.3,0.7,1.2,1.9,0.2,0.2,1.1,0.3,7,1
"494","Tony Battie",1997,65,23.2,8.4,3.6,8.1,44.6,0,0.2,21.4,1.1,1.6,70.2,2.1,3.3,5.4,0.9,0.8,1.1,1.5,14,1
"495","Alton Lister",1981,80,14.8,4.5,1.9,3.6,51.9,0,0,0,0.8,1.5,52,1.4,3.5,4.8,1.1,0.2,1.5,1.6,16,1
"496","Lucious Harris",1993,77,15.1,5.4,2.1,5,42.1,0.1,0.4,21.2,1.1,1.5,73.1,0.6,1.5,2,1.4,0.6,0.1,1,12,1
"497","Horace Grant",1987,81,22.6,7.7,3.1,6.3,50.1,0,0,0,1.4,2.2,62.6,1.9,3.6,5.5,1.1,0.6,0.7,1.1,17,1
"498","Roy Hibbert",2008,70,14.4,7.1,2.8,6,47.1,0,0,0,1.4,2.1,66.7,1.6,1.8,3.5,0.7,0.3,1.1,0.8,9,1
"499","Earl Watson",2001,64,15.1,3.6,1.5,3.3,45.3,0.3,0.7,36.4,0.4,0.6,63.9,0.5,0.8,1.3,2,0.9,0.1,0.8,13,1
"500","Danny Granger",2005,78,22.6,7.5,2.8,6.1,46.2,0.4,1.2,32.3,1.5,1.9,77.7,1.7,3.2,4.9,1.2,0.7,0.8,1,10,1
"501","Paul Millsap",2006,82,18,6.8,2.5,4.9,52.5,0,0,33.3,1.7,2.5,67.3,2.2,2.9,5.2,0.8,0.8,0.9,1.1,11,1
"502","Matt Bonner",2004,82,18.9,7.2,3,5.6,53.3,0.5,1.1,42.4,0.7,0.9,78.9,1.3,2.2,3.5,0.6,0.5,0.2,0.5,12,1
"503","Jameer Nelson",2004,79,20.4,8.7,3.6,7.9,45.5,0.6,1.8,31.2,0.9,1.4,68.2,0.7,1.8,2.4,3,1,0,1.5,13,1
"504","Dee Brown",1990,82,23.7,8.7,3.5,7.5,46.4,0.1,0.4,20.6,1.7,1.9,87.3,0.5,1.7,2.2,4.2,1,0.2,1.7,12,1
"505","Brandan Wright",2007,38,9.9,4,1.6,2.9,55.4,0,0,0,0.7,1.1,67.5,1,1.6,2.6,0.2,0.2,0.6,0.3,8,1
"506","Jrue Holiday",2009,73,24.2,8,3.2,7.1,44.2,0.8,2.2,39,0.9,1.2,75.6,0.8,1.8,2.6,3.8,1.1,0.3,2.1,8,1
"507","Mateen Cleaves",2000,78,16.3,5.4,2.1,5.1,40,0.1,0.2,29.4,1.2,1.8,70.8,0.3,1.4,1.7,2.7,0.6,0,1.8,6,1
"508","Chris Wilcox",2002,46,10.4,3.7,1.6,3,52.1,0,0,0,0.5,1.1,50,0.7,1.6,2.3,0.5,0.1,0.3,0.6,11,1
"509","Mike Bibby",1998,50,35.2,13.2,5.2,12.1,43,0.3,1.5,20.3,2.5,3.4,75.1,0.6,2.1,2.7,6.5,1.6,0.1,2.9,14,1
"510","Kerry Kittles",1996,82,36.7,16.4,6.2,14.5,42.6,1.9,5.1,37.7,2.1,2.8,77.1,1.3,2.6,3.9,3,1.9,0.4,1.6,8,1
"511","Eric Piatkowski",1994,81,14.9,7,2.5,5.6,44.1,0.9,2.4,37.4,1.1,1.4,78.3,0.8,0.9,1.6,1,0.5,0.2,0.8,14,1
"512","Ervin Johnson",1993,45,6.2,2.6,1,2.4,41.5,0,0,0,0.6,1,63,1.1,1.6,2.6,0.2,0.2,0.5,0.5,13,1
"513","Derek Harper",1983,82,20.9,5.7,2.4,5.5,44.3,0,0.3,11.5,0.8,1.2,67.3,0.6,1.5,2.1,2.9,1.2,0.3,1.4,16,1
"514","Marquis Daniels",2003,56,18.6,8.5,3.6,7.3,49.4,0.2,0.6,30.6,1.1,1.4,76.9,1.2,1.4,2.6,2.1,0.9,0.2,0.8,10,1
"515","Mo Williams",2003,57,13.5,5,2,5.3,38,0.2,0.7,25.6,0.8,1,78.6,0.4,0.9,1.3,1.3,0.5,0,0.9,13,1
"516","Larry Nance",1981,80,14.8,6.6,2.8,5.5,52.1,0,0,0,0.9,1.5,64.1,1.2,2,3.2,1,0.5,0.9,1.3,13,1
"517","Kwame Brown",2001,57,14.3,4.5,1.6,4.3,38.7,0,0,0,1.2,1.7,70.7,1.1,2.4,3.5,0.8,0.3,0.5,0.8,12,1
"518","Mike Brown",1986,62,13.2,4.2,1.7,3.2,52.7,0,0,0,0.7,1.2,63.9,1.1,2.3,3.5,0.4,0.3,0.1,0.9,11,1
"519","DeJuan Blair",2009,82,18.2,7.8,3.4,6,55.6,0,0,0,1.1,2,54.7,2.4,4,6.4,0.8,0.6,0.5,1.4,7,1
"520","James Johnson",2009,65,11.6,3.9,1.5,3.2,45.2,0.2,0.7,32.6,0.8,1.1,72.9,0.5,1.4,2,0.7,0.3,0.7,0.9,8,1
"521","Keith Askins",1990,39,6.8,2.2,0.9,2.1,42,0.2,0.6,24,0.3,0.6,48,0.8,1,1.7,0.5,0.4,0.3,0.3,9,1
"522","Terrell Brandon",1991,82,19.6,7.4,3.1,7.3,41.9,0,0.3,4.3,1.2,1.5,80.6,0.6,1.4,2,3.9,1,0.3,1.7,11,1
"523","Channing Frye",2005,65,24.2,12.3,4.7,9.8,47.7,0,0.1,33.3,2.9,3.5,82.5,2.1,3.6,5.8,0.8,0.5,0.7,1.5,11,1
"524","Dwyane Wade",2003,61,34.9,16.2,6.1,13.1,46.5,0.3,0.9,30.2,3.8,5.1,74.7,1.4,2.7,4,4.5,1.4,0.6,3.2,14,1
"525","Bo Outlaw",1993,37,23.5,6.9,2.6,4.5,58.7,0,0.1,0,1.6,2.8,59.2,2.2,3.5,5.7,1,1,1,0.8,15,1
"526","Khalid Reeves",1994,67,21.8,9.2,3.1,6.9,44.3,1,2.6,39.2,2.1,2.9,71.4,0.8,2,2.8,4.3,1.1,0.1,2,6,1
"527","Richard Hamilton",1999,71,19.3,9,3.6,8.5,42,0.4,1.1,36.4,1.5,1.9,77.4,0.5,1.3,1.8,1.5,0.4,0.1,1.2,14,1
"528","Jeff Ayres",2009,39,10.4,2.7,1.1,1.7,66.2,0,0,0,0.5,0.5,90,0.6,1.9,2.5,0,0.2,0.4,0.3,6,1
"529","Randy Wittman",1983,78,13.7,4.5,2.1,4.1,50.3,0,0.1,40,0.4,0.6,60.9,0.2,0.7,0.9,0.9,0.2,0,0.4,9,1
"530","Don Collins",1980,81,22.8,11.5,4.4,10,44.4,0,0.1,0,2.6,3.4,77.6,1.6,1.7,3.3,2.3,1.3,0.3,2.1,6,1
"531","Kurt Rambis",1981,64,17.7,4.6,1.8,3.6,51.8,0,0,0,0.9,1.8,50.4,1.8,3.6,5.4,0.9,0.9,1.2,1.2,14,1
"532","Ron Harper",1986,82,37.4,22.9,9,19.7,45.5,0.2,1.1,21.3,4.7,6.9,68.4,2.1,2.7,4.8,4.8,2.5,1,4.2,15,1
"533","Nick Anderson",1989,81,22,11.5,4.6,9.3,49.4,0,0.2,5.9,2.3,3.3,70.5,1.3,2.6,3.9,1.5,0.8,0.4,1.7,13,1
"534","Billy Thompson",1986,59,12.9,5.6,2.4,4.4,54.4,0,0,0,0.8,1.3,64.9,1.2,1.7,2.9,1,0.3,0.5,1,6,1
"535","Marvin Williams",2005,79,24.7,8.5,3,6.7,44.3,0.2,0.7,24.5,2.4,3.2,74.7,1.5,3.3,4.8,0.8,0.6,0.3,1.1,12,1
"536","Xavier McDaniel",1985,82,33,17.1,7,14.3,49,0,0.1,20,3,4.4,68.7,3.7,4.2,8,2.4,1.2,0.5,3,12,1
"537","Chris Mihm",2000,59,19.8,7.6,2.9,6.6,44.2,0,0,0,1.7,2.1,79.4,1.8,2.9,4.7,0.3,0.3,0.9,1.4,8,1
"538","Marcus Camby",1996,63,30.1,14.8,6,12.3,48.2,0,0.2,14.3,2.9,4.2,69.3,2.1,4.2,6.3,1.5,1.1,2.1,2.1,17,1
"539","Paul Pressey",1982,79,19.3,6.7,2.7,5.9,45.7,0,0.1,11.1,1.3,2.2,59.7,1.1,2.5,3.6,2.6,1.3,0.6,2,11,1
"540","Marc Jackson",2000,48,29.4,13.2,4.9,10.6,46.7,0.1,0.5,21.7,3.2,4,80.2,2.5,5,7.5,1.2,0.7,0.6,1.9,7,1
"541","Iman Shumpert",2011,59,28.9,9.5,3.6,9.1,40.1,0.8,2.7,30.6,1.5,1.8,79.8,0.7,2.4,3.2,2.8,1.7,0.1,1.9,6,1
"542","Vern Fleming",1984,80,31.1,14.1,5.4,11.5,47,0,0.1,0,3.3,4.2,76.7,1.9,2.2,4,3.1,1.2,0.1,2.5,12,1
"543","Robert Horry",1992,79,29.5,10.1,4.1,8.6,47.4,0.2,0.6,25.5,1.8,2.5,71.5,1.4,3.5,5,2.4,1,1.1,2,16,1
"544","Morlon Wiley",1988,51,8,2.2,0.9,2.2,40.4,0.1,0.5,25,0.3,0.3,81.3,0.3,0.7,0.9,1.5,0.5,0.1,0.7,7,1
"545","Nick Van Exel",1993,81,33.3,13.6,5.1,13,39.4,1.5,4.5,33.8,1.9,2.4,78.1,0.6,2.4,2.9,5.8,1.1,0.1,1.8,13,1
"546","Zach Randolph",2001,41,5.8,2.8,1.2,2.6,44.9,0,0,0,0.4,0.7,66.7,0.8,0.9,1.7,0.3,0.2,0.1,0.4,16,1
"547","Corliss Williamson",1995,53,11.5,5.6,2.4,5.1,46.6,0,0.1,0,0.9,1.6,56,1.1,1.1,2.2,0.4,0.2,0.2,1.4,12,1
"548","Roy Tarpley",1986,75,18.7,7.5,3.1,6.7,46.7,0,0,33.3,1.3,1.9,67.6,2.4,4.7,7.1,0.7,0.8,1.1,1.4,6,1
"549","Steve Colter",1984,78,18.7,7.1,2.8,6.1,45.3,0.3,0.9,35.1,1.3,1.7,75.4,0.5,1.4,1.9,3.1,1,0.1,1.4,8,1
"550","Klay Thompson",2011,66,24.4,12.5,4.8,10.9,44.3,1.7,4.1,41.4,1.2,1.4,86.8,0.4,2.1,2.4,2,0.7,0.3,1.6,6,1
"551","Ricky Pierce",1982,39,6.8,2.2,0.8,2.3,37.5,0,0.2,14.3,0.5,0.8,56.3,0.4,0.5,0.9,0.4,0.2,0.1,0.5,16,1
"552","Wesley Johnson",2010,79,26.2,9,3.4,8.6,39.7,1.3,3.7,35.6,0.8,1.2,69.6,0.6,2.4,3,1.9,0.7,0.7,1.2,7,1
"553","Antoine Wright",2005,39,9.5,1.8,0.7,2.1,35.8,0,0.4,6.7,0.3,0.6,50,0.2,0.6,0.8,0.3,0.1,0.1,0.5,6,1
"554","Theo Ratliff",1995,75,17.4,4.5,1.7,3.1,55.7,0,0,0,1.1,1.6,70.8,1.5,2.5,4,0.2,0.2,1.6,0.8,16,1
"555","Jarvis Hayes",2003,70,29.2,9.6,4,9.9,40,0.6,1.9,30.5,1.1,1.4,78.6,1,2.8,3.8,1.5,1,0.2,1.6,7,1
"556","Luke Ridnour",2003,69,16.1,5.5,2.1,5.1,41.4,0.4,1.2,33.8,0.9,1.1,82.3,0.5,1.1,1.6,2.4,0.8,0.1,1.2,12,1
"557","Blair Rasmussen",1985,48,6.9,3.2,1.3,3.1,40.7,0,0,0,0.6,0.8,79.5,0.8,1.3,2,0.3,0.1,0.2,0.8,8,1
"558","Oliver Miller",1992,56,19.1,5.6,2.2,4.6,47.5,0,0.1,0,1.3,1.8,71,1.3,3.7,4.9,2.1,0.7,1.8,1.9,9,1
"559","Chuck Person",1986,82,36,18.8,7.7,16.6,46.8,0.6,1.7,35.5,2.7,3.6,74.7,2,6.2,8.3,3.6,1.1,0.2,2.6,13,1
"560","Mahmoud Abdul-Rauf",1990,67,22.5,14.1,6.2,15.1,41.3,0.4,1.5,24,1.3,1.5,85.7,0.5,1.3,1.8,3.1,0.8,0.1,1.6,9,1
"561","Harvey Grant",1988,71,16.8,5.6,2.5,5.5,46.4,0,0,0,0.5,0.8,59.6,1.1,1.2,2.3,1.1,0.5,0.4,0.4,11,1
"562","Sam Cassell",1993,66,17,6.7,2.5,5.9,41.8,0.4,1.3,29.5,1.4,1.6,84.1,0.4,1.7,2,2.9,0.9,0.1,1.4,15,1
"563","Luther Head",2005,80,28.9,8.8,3.2,7.9,40.3,1.4,3.9,36.1,1.1,1.5,69.9,0.4,2.9,3.3,2.7,1.1,0.1,1.5,6,1
"564","Joe Johnson",2001,77,24.9,7.5,3.3,7.6,43,0.5,1.7,29.2,0.5,0.7,77.4,1,2.4,3.3,2.3,0.8,0.3,0.9,16,1
"565","Ed Nealy",1982,82,20,4.4,1.8,3,59.5,0,0,0,0.9,1.4,61.4,2.1,3.8,5.9,0.8,0.8,0.1,0.6,10,1
"566","Bryant Reeves",1995,77,31.9,13.3,5.2,11.4,45.7,0,0,0,2.8,3.9,73.2,2.3,5.1,7.4,1.4,0.6,0.7,2,6,1
"567","Willie Burton",1990,76,25.4,12,4.5,10.2,44.1,0.1,0.4,13.3,3,3.9,78.2,1.5,2,3.4,1.4,0.9,0.3,1.9,8,1
"568","Alvin Williams",1997,54,19.8,6,2.3,5.2,44.3,0.2,0.5,32.1,1.2,1.7,72.2,0.4,1.1,1.5,1.9,0.7,0.1,1.1,9,1
"569","Ty Lawson",2009,65,20.3,8.3,3.1,6,51.5,0.5,1.3,41,1.6,2.2,75.7,0.6,1.3,1.9,3.1,0.7,0,1.3,8,1
"570","Jarrett Jack",2005,79,20.2,6.7,2.4,5.4,44.2,0.3,1,26.3,1.6,2,80,0.2,1.8,2,2.8,0.5,0,1.3,11,1
"571","Brevin Knight",1997,80,31,9,3.3,7.4,44.1,0,0.1,0,2.5,3.1,80.1,0.8,2.3,3.2,8.2,2.5,0.2,2.4,12,1
"572","Jason Kapono",2003,41,10.4,3.5,1.3,3.1,40.3,0.5,1.1,47.7,0.5,0.6,83.3,0.5,0.9,1.3,0.3,0.3,0.1,0.5,9,1
"573","Metta World Peace",1999,72,31.1,12,4.3,10.5,40.7,0.8,2.7,31.4,2.6,3.9,67.4,0.9,3.4,4.3,2.8,1.6,0.5,2.3,17,1
"574","Don MacLean",1992,62,10.9,6.6,2.5,5.8,43.5,0,0.1,50,1.5,1.8,81.1,0.5,1.4,2,0.6,0.2,0.1,0.7,9,1
"575","Dan Majerle",1988,54,25.1,8.6,3.4,8,41.9,0.5,1.5,32.9,1.4,2.4,61.4,1.1,2.7,3.9,2.4,1.2,0.3,0.9,14,1
"576","Monta Ellis",2005,49,18.1,6.8,2.7,6.5,41.5,0.6,1.7,34.1,0.9,1.2,71.2,0.4,1.7,2.1,1.6,0.7,0.2,1.2,12,1
"577","Scott Padgett",1999,47,9.2,2.6,0.9,3,31.4,0.3,0.9,29.5,0.4,0.6,70.4,0.5,1.4,1.9,0.5,0.3,0.2,0.5,8,1
"578","Corie Blount",1993,67,10.3,3,1.1,2.6,43.7,0,0,0,0.7,1.1,61.3,1.1,1.8,2.9,0.8,0.3,0.5,0.8,11,1
"579","Glenn Robinson",1994,80,37,21.9,8,17.6,45.1,1.1,3.4,32.1,5,6.2,79.6,2.1,4.3,6.4,2.5,1.4,0.3,3.9,11,1
"580","John Battle",1985,64,10,4.3,1.6,3.5,45.5,0,0.1,0,1.2,1.6,72.8,0.2,0.8,1,1.2,0.4,0.1,0.7,10,1
"581","George Hill",2008,77,16.5,5.7,1.9,4.8,40.3,0.3,0.9,32.9,1.5,1.9,78.1,0.4,1.7,2.1,1.8,0.6,0.3,1,9,1
"582","Baron Davis",1999,82,18.6,5.9,2.2,5.3,42,0.3,1.4,22.5,1.2,1.9,63.4,0.6,1.4,2,3.8,1.2,0.2,1.7,13,1
"583","Dale Davis",1991,64,20.3,6.2,2.4,4.4,55.2,0,0,0,1.4,2.4,57.2,2.5,3.9,6.4,0.5,0.4,1.2,0.8,16,1
"584","Cliff Levingston",1982,62,14.2,5.6,2.1,4.4,48.5,0,0,0,1.4,2.4,57.1,1.7,2.1,3.7,0.8,0.4,0.6,1.2,11,1
"585","James Harden",2009,76,22.9,9.9,3.1,7.6,40.3,1.2,3.3,37.5,2.6,3.2,80.8,0.6,2.6,3.2,1.8,1.1,0.3,1.4,8,1
"586","Rex Chapman",1988,75,29.6,16.9,7,16.9,41.4,0.8,2.5,31.4,2.1,2.6,79.5,1,1.5,2.5,2.3,0.9,0.3,1.5,12,1
"587","Erick Dampier",1996,72,14.6,5.1,1.8,4.7,39,0,0,100,1.5,2.3,63.7,1.3,2.8,4.1,0.6,0.3,1,1.2,16,1
"588","Wayne Ellington",2009,76,18.2,6.6,2.5,5.9,42.4,0.8,2.1,39.5,0.8,0.9,87.1,0.4,1.7,2.1,1,0.3,0.1,1,8,1
"589","Eric Leckner",1988,75,10.4,4.3,1.6,2.9,54.5,0,0,0,1.1,1.5,69.9,0.6,2,2.7,0.2,0.1,0.3,0.9,8,1
"590","Stephen Curry",2009,80,36.2,17.5,6.6,14.3,46.2,2.1,4.8,43.7,2.2,2.5,88.5,0.6,3.9,4.5,5.9,1.9,0.2,3,8,1
"591","Travis Knight",1996,71,16.3,4.8,2,3.9,50.9,0,0,0,0.9,1.4,62,1.8,2.7,4.5,0.5,0.4,0.8,0.7,7,1
"592","Carl Landry",2007,42,16.9,8.1,3.2,5.2,61.6,0,0,0,1.7,2.6,66.1,2.3,2.6,4.9,0.5,0.4,0.2,0.6,9,1
"593","Leon Wood",1984,38,7.1,3.2,1.3,3.5,37.3,0.1,0.8,13.3,0.5,0.7,69.2,0.1,0.4,0.5,1.2,0.2,0,0.7,6,1
"594","Randy Brown",1991,56,9.6,3.4,1.4,3,45.6,0,0.1,0,0.7,1,65.5,0.5,0.8,1.2,1.1,0.6,0.2,0.8,12,1
"595","Chris Bosh",2003,75,33.5,11.5,4.4,9.5,45.9,0.1,0.2,35.7,2.7,3.8,70.1,2.5,4.9,7.4,1,0.8,1.4,1.4,13,1
"596","Frank Brickowski",1984,78,14.3,4.9,1.9,3.9,49.2,0,0.1,0,1.1,1.6,66.9,1,2.4,3.3,1.3,0.4,0.2,1.3,12,1
"597","Gerald Henderson",2009,43,8.3,2.6,0.9,2.4,35.6,0.1,0.4,21.1,0.8,1.1,74.5,0.3,0.9,1.3,0.3,0.2,0.2,0.3,8,1
"598","Daniel Gibson",2006,60,16.5,4.6,1.6,3.9,42.4,0.9,2.1,41.9,0.5,0.7,71.8,0.5,1.1,1.5,1.2,0.4,0.1,0.7,7,1
"599","Matt Barnes",2003,38,19.1,4.5,1.7,3.6,45.7,0.1,0.3,15.4,1.1,1.6,70.5,1.4,2.6,4,1.3,0.7,0.1,1.2,14,1
"600","Darwin Cook",1980,81,24.4,11.2,4.7,10.1,46.8,0.1,0.3,24,1.6,2.2,73.3,1.2,1.7,2.9,3.7,1.7,0.4,2.2,8,1
